label,report_id,BCryptCloseAlgorithmProvider,BCryptCreateHash,BCryptDestroyHash,BCryptEncrypt,BCryptGenRandom,BCryptImportKeyPair,BCryptOpenAlgorithmProvider,CLSIDFromProgID,ChangeWindowMessageFilter,CoCreateInstance,CoCreateInstanceEx,CoGetClassObject,CoGetObject,CommandLineToArgvW,ConnectEx,ControlService,CopyFileA,CopyFileExW,CopyFileW,CreateDirectoryW,CreateProcessA,CreateProcessInternalW,CreateProcessW,CreateRemoteThread,CreateRemoteThreadEx,CreateThread,CreateTimerQueueTimer,CreateToolhelp32Snapshot,CryptAcquireContextA,CryptAcquireContextW,CryptCreateHash,CryptDecrypt,CryptDestroyHash,CryptDestroyKey,CryptEncrypt,CryptExportKey,CryptGenKey,CryptGenRandom,CryptHashData,CryptImportKey,DeleteFileA,DeleteFileW,DeviceIoControl,DllLoadNotification,EnumDisplayDevicesW,FindFirstFileExW,FindFixAndRun,FindResourceExA,FindResourceExW,FindWindowA,FindWindowExW,FindWindowW,GetAdaptersAddresses,GetAdaptersInfo,GetAddrInfoExW,GetAddrInfoW,GetCommandLineA,GetCommandLineW,GetComputerNameExW,GetComputerNameW,GetCursorPos,GetDiskFreeSpaceExW,GetDiskFreeSpaceW,GetFileVersionInfoSizeW,GetFileVersionInfoW,GetKeyboardLayout,GetLastInputInfo,GetLocalTime,GetSystemDefaultLangID,GetSystemInfo,GetSystemMetrics,GetSystemTime,GetSystemTimeAsFileTime,GetUserDefaultLCID,GetUserNameW,GetVolumeInformationA,GetVolumeInformationByHandleW,GetVolumeInformationW,GetVolumeNameForVolumeMountPointW,GetWriteWatch,GlobalMemoryStatus,GlobalMemoryStatusEx,HeapCreate,HttpOpenRequestA,HttpSendRequestA,InternetCloseHandle,InternetGetConnectedState,InternetOpenA,InternetOpenUrlA,InternetOpenW,IsDebuggerPresent,LdrGetDllHandle,LdrGetDllHandleEx,LdrGetProcedureAddress,LdrGetProcedureAddressForCaller,LdrLoadDll,LdrpCallInitRoutine,LoadLibraryExW,LoadResource,LockResource,LookupPrivilegeValueW,LsaOpenPolicy,MessageBoxTimeoutW,Module32FirstW,Module32NextW,MoveFileWithProgressTransactedW,MoveFileWithProgressW,MsgWaitForMultipleObjectsEx,MsiInstallProductW,NSPStartup,NetGetJoinInformation,NetUserGetInfo,NtAddAtomEx,NtAdjustPrivilegesToken,NtAllocateVirtualMemory,NtAllocateVirtualMemoryEx,NtClose,NtCreateEvent,NtCreateFile,NtCreateKey,NtCreateMutant,NtCreateNamedPipeFile,NtCreateSection,NtCreateThreadEx,NtCreateUserProcess,NtDelayExecution,NtDeleteAtom,NtDeleteKey,NtDeleteValueKey,NtDeviceIoControlFile,NtDuplicateObject,NtEnumerateKey,NtEnumerateValueKey,NtFindAtom,NtFreeVirtualMemory,NtGetContextThread,NtLoadKeyEx,NtMapViewOfSection,NtOpenDirectoryObject,NtOpenEvent,NtOpenFile,NtOpenKey,NtOpenKeyEx,NtOpenMutant,NtOpenProcess,NtOpenProcessToken,NtOpenSection,NtOpenThread,NtPowerInformation,NtProtectVirtualMemory,NtQueryAttributesFile,NtQueryDirectoryFile,NtQueryFullAttributesFile,NtQueryInformationAtom,NtQueryInformationFile,NtQueryInformationThread,NtQueryInformationToken,NtQueryInstallUILanguage,NtQueryKey,NtQueryLicenseValue,NtQueryMultipleValueKey,NtQuerySystemInformation,NtQuerySystemTime,NtQueryValueKey,NtQueryVolumeInformationFile,NtQueueApcThread,NtRaiseHardError,NtReadFile,NtReadVirtualMemory,NtReleaseMutant,NtResumeThread,NtSetContextThread,NtSetInformationFile,NtSetInformationProcess,NtSetInformationThread,NtSetValueKey,NtSuspendThread,NtTerminateProcess,NtTerminateThread,NtTestAlert,NtUnmapViewOfSection,NtUnmapViewOfSectionEx,NtWaitForSingleObject,NtWow64ReadVirtualMemory64,NtWriteFile,NtWriteVirtualMemory,NtYieldExecution,OpenClipboard,OpenSCManagerA,OpenSCManagerW,OpenServiceA,OpenServiceW,OutputDebugStringA,PostMessageA,PostMessageW,PostThreadMessageW,Process32FirstW,Process32NextW,ReadProcessMemory,RegCloseKey,RegCreateKeyExA,RegCreateKeyExW,RegDeleteKeyW,RegDeleteValueA,RegDeleteValueW,RegEnumKeyExW,RegEnumKeyW,RegEnumValueW,RegNotifyChangeKeyValue,RegOpenKeyExA,RegOpenKeyExW,RegQueryInfoKeyA,RegQueryInfoKeyW,RegQueryValueExA,RegQueryValueExW,RegSetValueExA,RegSetValueExW,RemoveDirectoryA,RemoveDirectoryW,RmStartSession,RtlAddVectoredExceptionHandler,RtlCreateUserThread,RtlDosPathNameToNtPathName_U,RtlRemoveVectoredExceptionHandler,RtlSetCurrentTransaction,RtlUserThreadStart,SHGetFolderPathW,SHGetKnownFolderPath,SaferIdentifyLevel,SendNotifyMessageA,SendNotifyMessageW,SetThreadDescription,SetThreadStackGuarantee,SetUnhandledExceptionFilter,SetWindowsHookExA,SetWindowsHookExW,ShellExecuteExW,SizeofResource,StartServiceW,SystemFunction036,SystemParametersInfoA,SystemParametersInfoW,SystemTimeToTzSpecificLocalTime,Thread32First,Thread32Next,URLDownloadToFileW,UnhookWindowsHookEx,UpdateProcThreadAttribute,UrlCanonicalizeW,VarBstrCat,VirtualProtectEx,WMI_ExecQuery,WMI_Get,WMI_GetObject,WSAConnect,WSASocketA,WSASocketW,WSAStartup,WTSEnumerateProcessesW,WbemLocator_ConnectServer,WinExec,WinHttpConnect,WinHttpOpen,WinHttpOpenRequest,WinHttpSendRequest,WinHttpSetOption,WriteConsoleW,WriteProcessMemory,__anomaly__,accept,bind,closesocket,connect,gethostbyname,gethostname,ioctlsocket,listen,recv,select,send,sendto,setsockopt,shutdown,socket,srand,sysenter
1,67,0,0,0,0,0,0,0,0,2,0,0,0,0,0,0,0,0,0,0,0,1,0,0,0,0,0,0,0,0,0,0,0,0,0,0,0,0,0,0,0,0,0,0,4,0,0,0,1,0,0,0,0,0,0,0,0,0,0,0,0,0,0,0,0,0,0,0,0,0,0,0,0,1,0,0,0,0,0,0,0,0,0,0,0,0,0,0,0,0,0,1,9,0,0,15,2,1,0,1,1,0,0,0,0,0,0,0,0,0,0,0,0,0,0,5,0,106,0,1,0,1,0,3,0,0,0,0,0,0,0,0,0,0,0,0,0,0,7,0,0,8,9,1,0,0,2,4,0,0,35,1,0,0,0,0,0,3,0,0,0,0,2,0,9,1,0,0,0,0,2,0,0,0,3,0,0,0,2,0,4,5,3,6,0,0,0,0,0,0,0,0,0,0,0,0,0,0,0,0,0,0,0,0,0,0,0,0,0,0,0,0,0,0,0,0,0,0,0,0,0,0,0,1,0,0,3,0,0,0,0,0,0,0,0,0,0,0,1,0,0,0,0,0,0,0,0,0,0,0,0,0,0,0,0,0,0,0,0,0,0,0,0,0,0,0,0,0,0,0,0,0,0,0,0,0,0,0,0,0,0,0,0,0,0,0,1
1,53,0,0,0,0,0,0,0,0,0,0,0,0,0,0,0,0,0,0,0,6,0,0,0,0,0,0,0,0,0,0,0,0,0,0,0,0,0,0,0,0,0,0,0,14,0,0,0,1,0,0,0,0,0,0,1,0,0,0,0,0,0,0,0,0,0,0,0,0,0,0,0,0,53,0,0,0,0,0,0,0,0,0,0,0,0,2,0,0,1,0,0,29,0,0,28,13,3,0,1,1,0,0,0,0,0,1,0,0,0,0,0,0,0,0,14,0,222,0,2,5,5,0,4,0,0,0,0,0,0,11,2,17,8,0,0,0,0,5,0,0,6,3,128,0,0,4,3,1,0,36,17,0,0,0,0,2,8,0,4,2,0,0,0,85,0,0,0,0,0,5,0,0,0,5,0,8,0,2,0,9,0,4,18,0,0,0,0,0,1,1,0,1,0,0,0,0,0,0,0,0,0,0,0,0,0,0,0,0,0,0,0,0,0,0,0,0,0,0,0,0,0,0,3,0,200,10,0,0,0,0,0,0,0,0,0,0,0,1,0,0,0,0,0,0,0,0,0,0,0,0,0,0,0,0,0,0,0,1,0,0,0,0,1,0,0,2,0,0,0,0,0,1,0,0,0,0,0,0,0,0,0,1,0,1,0,0
1,64,0,0,0,0,0,0,0,0,0,0,0,0,0,0,0,0,0,0,0,6,0,0,0,0,0,0,0,0,0,0,0,0,0,0,0,0,0,0,0,0,0,0,0,14,0,0,0,1,0,0,0,0,0,0,1,0,0,0,0,0,0,0,0,0,0,0,0,0,0,0,0,0,50,0,0,0,0,0,0,0,0,0,0,0,0,2,0,0,1,0,0,24,0,0,28,12,4,0,1,1,0,0,0,0,0,1,0,0,0,0,0,0,0,0,18,0,221,0,2,5,5,0,4,0,0,0,0,0,0,13,3,17,8,0,0,0,0,5,0,0,6,3,128,0,0,4,3,1,0,36,17,0,0,0,0,2,9,0,4,2,0,0,0,85,0,0,0,0,0,5,0,0,0,5,0,8,0,2,0,9,0,4,19,0,0,0,0,0,1,1,0,1,0,0,0,0,0,0,0,0,0,0,0,0,0,0,0,0,0,0,0,0,0,0,0,0,0,0,0,0,0,0,2,0,200,9,0,0,0,0,0,0,0,0,0,0,0,1,0,0,0,0,0,0,0,0,0,0,0,0,0,0,0,0,0,0,0,1,0,0,0,0,1,0,0,2,0,0,0,0,0,1,0,0,0,0,0,0,0,0,0,1,0,1,0,0
1,112,0,0,0,0,1,0,0,0,0,0,0,0,0,0,0,0,0,0,0,0,0,0,0,0,0,0,0,0,0,0,0,0,0,0,0,0,0,0,0,0,0,0,0,1,0,0,0,0,0,0,0,0,0,0,0,0,0,3,0,0,0,0,0,0,0,0,0,0,0,0,0,0,1,0,0,0,0,0,0,0,0,0,0,0,0,0,0,0,0,0,0,13,0,0,12,1,5,0,0,0,0,0,0,0,0,0,0,0,0,0,0,0,0,0,6,0,71,0,0,0,0,0,0,0,0,0,0,0,0,0,0,0,0,0,0,0,0,0,0,0,0,2,1,0,0,0,0,0,0,2,0,0,0,0,0,0,0,0,0,0,0,0,0,3,0,0,0,0,0,0,0,0,0,0,0,0,0,2,0,5,0,0,4,0,0,0,0,0,0,0,0,0,0,0,0,0,0,0,0,0,0,0,0,0,0,0,0,0,0,0,0,0,0,0,0,0,0,0,0,0,1,0,0,0,2,5,0,0,0,0,0,0,1,1,0,0,0,0,0,0,0,0,0,0,0,0,0,0,0,0,0,0,0,0,0,0,0,0,0,0,0,0,0,0,0,0,0,0,0,0,0,0,0,0,0,0,0,0,0,0,0,0,0,0,0,0
1,179,0,0,0,0,0,0,0,0,0,0,0,0,0,0,0,0,0,0,0,0,0,0,0,0,4,0,0,0,0,0,0,0,0,0,0,0,0,0,0,0,0,0,0,4,0,0,0,0,0,0,0,0,0,0,0,0,0,0,0,0,0,0,0,0,0,0,0,0,0,2,0,0,1,0,0,0,0,0,0,0,0,0,0,0,0,0,0,0,0,0,0,3,0,0,28,8,0,12,0,0,0,0,0,0,0,0,0,0,0,0,0,0,0,0,51,0,86,0,1,0,0,0,5,4,0,0,0,0,0,0,4,0,0,0,0,0,0,5,0,0,5,20,0,0,0,0,0,0,0,6,0,0,1,0,0,0,4,0,0,0,0,0,2,5,0,0,0,0,0,0,0,0,0,1,0,0,0,2,0,9,8,0,51,0,29,0,0,0,0,0,0,0,0,0,0,0,0,0,0,4,0,0,0,0,0,0,0,0,0,0,0,0,0,0,0,0,0,0,0,0,1,0,0,0,0,8,0,0,0,0,0,0,0,0,0,0,0,0,0,3,0,0,0,0,0,0,0,0,0,0,0,0,0,0,0,0,0,1,0,0,0,0,0,0,0,0,0,0,0,0,0,0,0,0,0,0,0,0,0,0,0,0,0,0,0,0
1,91,0,12,0,0,3487,0,0,0,0,1380,11,568,2,2,0,1,0,0,0,24,15,53,2,0,23,265,1,11,0,0,0,0,0,0,0,0,0,0,0,0,0,47,64,517,3,1838,0,0,95,0,0,3,0,3,0,0,0,45,4,3,43,30,0,0,0,72,17,36,0,362,3,4,961,61,1,0,0,9,20,0,0,3,0,0,0,0,0,0,0,0,77,679,1,26,5814,3801,96,135,90,0,3,5,0,0,0,12,0,0,0,1,0,1,18,48,5313,0,12504,5,5393,22,571,0,597,294,46,1523,12,0,6,798,454,644,4,211,4102,0,0,938,271,51,5273,1207,3678,13,759,5747,211,20,22,1471,291,78,20,53,5159,1904,7413,1,1998,56,0,303,103,4791,444,1,0,2466,54,782,12,0,3769,891,254,25,0,98,297,557,401,600,1664,0,2476,55,2,0,0,5,61,5,5,0,284,30,11,1238,10,1476,2,54,1,0,3,175,2,64,28,18,1198,0,75,4,1899,2,26,0,1,0,0,0,3344,0,3049,553,0,1,0,0,11,0,0,44,0,0,2,73,6,0,0,155,0,0,0,0,0,25,0,0,0,1,1717,0,0,0,0,1,0,9,0,0,0,0,0,0,26,10,5,0,0,403,405,0,0,401,0,0,428,0,0,0,0,404,20,6
1,149,8,7,8,0,901,0,7,0,0,103,7,0,0,0,0,0,0,0,0,3,0,2,1,0,5,23,0,1,0,0,0,0,0,0,0,0,0,0,0,0,0,3,20,47,0,367,0,0,59,0,0,2,0,0,0,0,0,3,0,0,78,3,0,0,0,75,13,17,0,4,0,0,416,9,0,0,0,1,5,0,0,0,0,0,0,0,0,0,0,0,10,268,0,0,474,53,14,18,59,0,0,0,0,0,0,994,0,0,0,0,0,0,17,11,359,0,3162,3,1130,4,53,0,46,29,7,1,14,0,0,81,135,131,0,227,216,0,0,206,104,51,1428,427,1654,5,167,414,32,2,17,258,68,49,10,59,974,625,1110,0,848,20,0,297,12,3294,949,1,0,538,20,100,6,0,895,11,0,1,0,5,44,42,66,140,209,0,172,20,156,0,0,15,0,2,0,0,203,26,1,103,24,1016,0,67,3,0,16,177,3,17,10,0,1220,0,17,0,1063,0,12,0,1,0,1,0,1455,0,1218,49,0,1,0,0,23,1,20,3,0,0,0,49,3,0,0,374,2,0,0,0,0,1,0,0,0,0,0,0,0,0,0,0,0,0,0,0,0,0,0,0,2,24,0,0,0,0,0,0,0,0,0,0,0,0,0,0,0,0,1,2
1,48,0,0,0,0,0,0,0,0,2,0,0,0,0,0,0,0,0,0,0,0,1,0,0,0,0,0,0,0,0,0,0,0,0,0,0,0,0,0,0,0,0,0,0,4,0,0,0,1,0,0,0,0,0,0,0,0,0,0,0,0,0,0,0,0,0,0,0,0,0,0,0,0,1,0,0,0,0,0,0,0,0,0,0,0,0,0,0,0,0,0,1,9,0,0,15,2,1,0,1,1,0,0,0,0,0,0,0,0,0,0,0,0,0,0,3,0,106,0,1,0,1,0,2,0,0,0,0,0,0,0,0,0,0,0,0,0,0,7,0,0,8,9,1,0,0,2,4,0,0,35,1,0,0,0,0,0,3,0,0,0,0,1,0,9,1,0,0,0,0,2,0,0,0,3,0,0,0,2,0,5,5,3,4,0,0,0,0,0,0,0,0,0,0,0,0,0,0,0,0,0,0,0,0,0,0,0,0,0,0,0,0,0,0,0,0,0,0,0,0,0,0,0,1,0,0,4,0,0,0,0,0,0,0,0,0,0,0,1,0,0,0,0,0,0,0,0,0,0,0,0,0,0,0,0,0,0,0,0,0,0,0,0,0,0,0,0,0,0,0,0,0,0,0,0,0,0,0,0,0,0,0,0,0,0,0,1
1,137,56,56,54,0,0,2,61,0,0,854,1,465,0,1,255,0,0,0,0,0,0,3,0,0,39,0,1,1,4,0,0,0,0,0,6858,0,0,9434,0,6,0,0,2,215,0,1930,0,0,5,0,0,0,0,0,0,0,0,0,0,0,0,0,0,0,0,2,0,0,0,1,0,0,339,0,0,0,0,0,0,0,0,0,0,0,0,0,0,0,0,0,7,25,0,0,367,279,9,144,5,0,0,0,0,0,0,0,891,0,0,0,0,0,0,0,995,0,4600,0,4953,0,5,0,41,12,3,70,0,0,0,13,223,0,0,0,774,0,0,275,12,2,663,45,57,0,35,19,10,0,0,409,4186,0,0,0,3770,16,285,0,95,0,0,223,51,23,29,0,0,903,0,66,1,0,5225,8,0,0,0,4,18,28,304,9,145,0,3947,0,0,0,0,51,0,3,0,0,0,0,1,116,10,332,0,232,13,0,69,1,0,70,0,0,92,0,14,0,464,0,38,0,0,10,0,0,0,0,4,27,0,0,0,0,0,0,0,2,0,0,0,1,3,4282,0,0,0,0,0,0,0,0,0,0,0,1,0,0,0,0,256,1,0,1,0,0,0,0,0,0,0,0,120,0,255,256,0,1,1,0,0,0,0,0,0,1,255,0,0,0
1,101,0,0,0,0,0,0,0,0,0,0,0,0,0,0,0,0,0,0,0,0,0,0,0,0,0,0,0,0,0,0,0,0,0,0,0,0,0,0,0,0,0,0,0,6,0,0,0,0,0,0,0,0,0,0,0,0,0,0,0,0,0,0,0,0,0,0,0,70,0,0,0,0,77,0,0,0,0,0,0,0,0,0,0,0,0,0,0,0,0,0,0,0,0,0,2,13,0,0,0,0,0,0,0,0,0,0,0,0,0,0,0,0,0,0,40,0,47,0,2,0,0,1,1,7,0,34,0,0,0,68,0,0,0,0,33,0,0,1,0,0,1,7,5,0,0,0,0,0,0,0,1,0,0,0,0,2,0,0,0,0,0,1,0,13,1,0,0,0,0,0,0,0,0,1,0,0,0,0,3,12,1,0,87,0,140,0,0,0,0,0,0,0,0,0,0,0,0,0,0,0,0,0,0,0,0,0,0,0,0,0,0,0,0,0,0,0,0,0,0,0,0,5,0,0,8,12,0,0,0,0,0,0,0,0,0,0,0,0,0,0,0,0,0,0,0,0,0,0,0,0,0,0,0,0,34,34,0,1,0,0,0,0,0,0,0,0,0,0,0,0,0,33,0,0,0,0,0,0,0,0,0,0,0,0,0,2
1,77,0,0,0,0,0,0,0,0,2,1,0,0,0,0,0,0,0,0,0,0,0,0,0,0,0,0,0,0,0,0,0,0,0,0,0,0,0,0,0,0,0,0,1,11,0,0,0,0,0,0,0,0,0,0,0,0,0,0,0,0,0,0,0,0,0,23,0,0,0,2,1,1,12,1,0,0,0,0,0,0,0,0,0,0,0,0,0,0,0,0,1,55,0,0,46,4,12,0,0,0,0,0,0,0,0,0,0,0,0,0,0,0,0,0,29,0,66,0,1,0,27,0,7,0,0,0,0,0,0,7,5,1,0,0,0,0,0,14,0,23,18,11,9,3,0,0,16,0,0,120,9,0,0,0,0,7,5,0,0,0,0,2,0,15,0,0,0,0,0,56,0,0,0,3,0,0,0,0,6,8,0,2,48,0,0,0,0,0,0,0,0,0,0,0,12,0,0,0,0,0,0,0,0,0,0,0,0,0,0,0,0,0,0,0,0,0,0,0,0,0,0,0,9,0,14,8,0,0,0,0,0,0,0,1,0,0,0,0,0,0,0,5,0,0,0,0,0,0,0,0,0,0,0,0,0,0,0,0,0,0,0,0,0,0,0,0,0,0,0,0,0,0,0,0,0,0,0,0,0,0,0,0,0,0,1,0
1,86,0,0,0,3520,0,0,0,0,2,1019,16,512,47,2,0,24,0,0,0,1,0,81,0,0,3223,0,4,10,0,3,0,0,0,5870,8046,4121,5745,0,0,1,0,1,247,315,0,4819,0,0,4,0,0,0,0,0,0,0,1,83,0,0,0,2,0,0,0,37,0,0,0,12,0,211,382,81,4,0,0,0,21,0,0,3,0,0,0,0,0,0,0,0,49,253,1,2,1250,280,66,201,4,0,8,0,0,0,0,3051,0,0,0,0,0,0,2,8,668,55,5711,0,3446,0,14,0,45,3103,49,77,0,0,0,295,407,0,0,0,3305,0,0,448,40,12,3344,517,1169,0,167,240,117,1,0,400,87,46,2,0,3108,3232,1735,0,1503,0,0,15,111,141,154,0,0,3199,0,17,29,0,2805,19,0,0,0,79,3172,3393,466,81,3826,0,3708,0,0,0,0,61,0,52,0,0,131,1,9,1049,14,2179,0,53,0,0,0,586,4,0,55,1,1953,0,148,1,2892,0,12,0,0,0,0,0,0,0,1077,3393,0,0,0,0,0,0,0,35,0,0,15,1,3,5,0,0,0,0,0,0,0,17,0,0,0,0,0,0,0,0,0,0,0,0,0,0,0,0,0,0,104,26,0,0,0,0,0,0,0,0,0,0,0,0,0,0,0,0,0,0
1,118,0,0,0,0,0,0,0,0,0,2,0,0,0,0,0,0,0,0,0,0,0,0,0,0,0,0,0,0,0,0,0,0,0,0,0,0,0,0,0,0,0,0,0,17,0,0,0,0,0,0,0,0,0,0,0,0,0,0,0,0,0,0,0,0,0,0,0,0,0,0,0,0,2,0,0,0,0,0,0,0,0,0,0,0,0,0,0,0,0,0,0,0,0,0,0,64,0,0,0,0,0,0,0,0,0,0,0,0,0,0,0,0,0,0,6,0,13,0,0,0,0,0,3,9,0,0,0,0,0,0,0,0,0,0,0,0,0,3,0,0,7,5,0,0,0,2,0,0,0,0,1,0,0,0,0,1,1,0,0,0,0,1,0,5,1,0,0,0,0,0,0,0,0,2,0,0,0,0,1,3,3,0,11,0,0,0,0,0,0,0,0,0,0,0,0,0,0,0,0,0,0,0,0,0,0,0,0,0,0,0,0,0,0,0,0,0,0,0,0,0,0,0,0,0,0,3,0,0,0,0,0,0,0,0,0,0,0,0,0,0,0,0,0,0,0,0,0,0,0,0,0,0,0,0,0,0,0,0,0,0,0,0,0,0,0,0,0,0,0,0,0,0,0,0,0,0,0,0,0,0,0,0,0,0,0,1
1,152,0,0,0,0,0,0,0,0,4,6107,1,2487,0,0,0,0,0,0,0,1,1,3,0,0,21,0,0,0,0,0,0,0,0,0,0,0,0,0,0,0,1,0,5,222,0,0,0,1,1,0,0,0,0,0,0,0,8,0,0,0,0,0,0,0,0,9,0,0,0,4,3,2,101,0,0,0,0,0,4,0,0,0,0,0,0,0,0,0,0,0,13,163,0,0,245,1083,16,4,2,1,0,0,0,0,0,0,0,0,0,0,0,0,7,0,1195,0,630,0,405,0,28,0,19,3,4,2,3,0,0,14,241,0,0,0,188,0,0,351,12,3,191,45,182,3,0,16,65,7,0,1722,20,0,0,0,24,7,336,0,226,10,0,46,12,113,2,1,0,14,0,50,1,0,485,8,0,0,0,8,3,765,321,34,85,0,1,0,0,0,0,0,0,0,0,0,0,0,0,0,7,54,0,0,0,0,0,0,0,0,0,0,53,0,0,0,97,0,0,1,0,0,0,0,10,0,32,24,0,0,0,1,0,0,0,1,0,0,1,2,4,0,1,5,0,0,0,0,0,0,0,0,0,0,0,0,0,0,0,0,0,0,0,0,0,0,0,0,0,0,4,0,0,0,0,0,0,0,0,0,0,0,0,0,0,0,0,4
1,128,0,0,0,0,0,0,0,0,0,0,0,0,0,1,0,2,0,0,0,0,160,0,190,0,0,47,0,1,8,0,0,0,0,44,26,27,32,0,0,9,0,0,0,582,0,1285,111,2,0,0,0,0,0,0,0,0,0,682,0,0,0,0,0,0,0,0,0,0,0,0,0,0,826,403,0,0,0,0,0,0,0,0,0,0,0,0,0,0,0,0,0,1590,0,0,2358,307,284,0,2,2,0,0,0,0,0,49,0,0,0,0,0,0,0,0,3401,0,23408,0,221,0,1,0,309,50,350,0,0,0,0,4261,35,0,0,0,556,0,0,312,0,17,301,1787,520,0,0,0,1,110,0,616,339,0,0,0,175,43,400,0,0,0,0,17,0,2730,374,0,0,30,0,0,0,0,337,353,0,0,0,605,28,1525,29,192,1185,0,95,0,0,0,0,181,0,93,0,0,0,0,1,112,0,0,0,0,0,0,0,0,0,0,0,0,0,0,0,0,0,0,0,0,0,0,0,0,3,0,1040,1392,0,0,0,0,0,0,0,0,0,0,0,2,0,0,0,0,0,0,0,0,0,97,0,0,0,0,0,0,0,0,0,0,0,0,0,0,0,0,0,0,374,0,0,0,0,0,0,0,0,0,0,0,0,0,0,0,0,0,111,0
1,73,0,0,0,0,0,0,0,0,0,0,0,0,0,0,0,0,0,0,0,0,0,0,0,0,0,0,0,0,0,0,0,0,0,0,0,0,0,0,0,0,0,0,0,0,0,0,0,0,0,0,0,0,0,0,0,0,0,0,0,0,0,0,0,0,0,0,0,0,0,0,0,0,0,0,0,0,0,0,0,0,0,0,0,0,0,0,0,0,0,0,0,0,0,0,0,0,0,0,0,0,0,0,0,0,0,0,0,0,0,0,0,0,0,0,0,0,0,0,0,0,0,0,0,0,0,0,0,0,0,0,0,0,0,0,0,0,0,0,0,0,0,0,0,0,0,0,0,0,0,0,0,0,0,0,0,0,0,0,0,0,0,0,0,0,0,0,0,0,0,0,0,0,0,0,0,0,0,0,0,0,0,0,0,0,0,0,0,0,0,0,0,0,0,0,0,0,0,0,0,0,0,0,0,0,0,0,0,0,0,0,0,0,0,0,0,0,0,0,0,0,0,0,0,0,0,0,0,0,0,0,0,0,0,0,0,0,0,0,0,0,0,0,0,0,0,0,0,0,0,0,0,0,0,0,0,0,0,0,0,0,0,0,0,0,0,0,0,0,0,0,0,0,0,0,0,0,0,0,0,0,0,0,0,0,0,0
1,172,0,0,0,0,0,0,0,0,0,0,0,0,0,0,0,0,0,0,0,0,0,0,0,0,29,0,0,0,0,0,0,0,0,0,0,0,0,0,0,0,0,0,0,4,0,742,0,0,0,0,0,0,0,0,0,0,0,1,0,0,0,0,0,0,0,0,0,0,0,2,0,0,0,0,0,0,0,0,0,0,0,0,0,0,0,0,0,0,0,0,0,1,0,0,26,10,0,10,0,0,0,0,0,0,0,136,0,0,0,0,0,0,0,0,890,0,1471,0,1143,0,0,0,1,32,0,0,0,0,0,0,113,0,0,0,165,83,0,2,0,0,1632,0,0,0,0,0,0,0,0,15,0,0,1,0,2077,0,0,0,0,0,0,1,2,0,1401,0,0,911,0,0,86,0,2342,1,0,0,79,0,0,25,1,0,1680,0,1615,0,3,0,0,0,0,0,0,0,0,0,0,0,0,0,0,0,0,0,0,0,0,0,0,0,0,0,0,0,0,0,0,0,0,0,1,0,0,0,0,26,0,0,0,0,0,0,0,0,0,0,0,0,0,1,0,0,0,0,0,0,0,0,0,0,0,0,0,0,0,0,0,1,0,0,0,0,0,0,0,0,0,0,0,0,0,0,0,0,0,0,0,0,0,0,0,0,0,0,0,0
1,104,4,2,0,0,0,0,0,0,4,687,1,421,0,0,0,0,0,0,0,192,0,9,1,0,27,13,2,0,0,0,0,0,0,0,0,0,0,0,0,0,0,93,9,373,0,47,0,2,13,0,0,1,0,0,2,0,4,7,2,3,0,85,0,20,20,30,0,77,2,26,20,1,802,18,2,0,0,6,4,0,7,6,1,0,0,0,0,0,0,0,23,797,0,2,1305,516,46,179,17,16,62,1,0,0,0,1,0,0,0,0,1,0,5,6,772,0,2464,15,528,6,42,1,83,32,10,10,0,0,0,12,245,9,136,0,254,0,0,355,56,18,952,285,453,4,10,486,68,2,7,823,184,3,22,0,164,67,1913,4,400,42,150,32,63,839,17,2,0,968,18,65,4,0,551,40,0,0,0,17,31,87,341,42,947,0,322,16,0,0,0,2,0,2,10,0,775,5,0,0,0,873,1,15,0,0,1,197,2,69,4,22,1042,2,10,5,1270,1,10,0,26,0,1,0,110,0,657,88,46,0,2,0,4,0,0,11,1,1,0,14,4,2,4,34,0,0,0,0,2,0,0,0,0,0,0,0,0,0,2,0,0,0,0,2,2,2,2,6,0,0,1,0,0,0,0,0,0,0,0,0,0,0,0,0,0,0,1,10
1,71,0,0,0,473,0,0,0,0,0,236,7,0,0,4,0,11,0,0,3,0,0,12,14,0,9175,4970,0,4,0,4,0,0,0,4272,8095,4081,4175,0,0,4,0,0,29,191,0,12440,0,0,1,0,0,0,8,0,0,0,8,43,0,1,0,0,0,0,0,9,0,3,0,7,0,0,232,41,0,0,0,0,9,0,0,0,0,0,0,0,0,0,0,0,25,327,0,0,1182,161,63,28,1,0,4,0,0,0,0,2772,0,0,0,0,0,0,0,0,6360,0,17102,0,3841,36,8,0,62,4998,30,77,0,0,0,10526,6167,226,0,0,5730,0,0,210,17,10,10401,196,575,3,10,5104,6469,0,0,309,20012,5017,0,0,10861,3688,3189,0,462,10,0,8,16,933,8048,0,0,3666,0,7,14,0,3741,112,0,1,0,40,3772,4809,164,33,3876,0,6505,0,16,1252,0,24,0,22,0,0,0,0,3,477,0,72,0,0,0,9,0,0,0,0,0,0,53,0,0,8,97,4,0,0,0,0,0,0,4906,0,971,4655,0,0,0,0,0,0,0,1881,0,0,11,1,3,0,0,0,0,0,0,0,0,7,0,1,12024,0,0,0,0,0,0,8,0,0,3,0,0,0,0,0,8023,0,5,0,8,8,0,0,0,0,0,0,0,0,8,8,0,8,0,11
1,107,0,0,0,0,87,0,0,0,0,1025,9,454,2,3,0,0,0,0,0,15,0,17,1,0,31,23,0,1,0,0,0,0,0,0,0,0,0,0,0,0,0,4,43,305,2,20,0,0,89,0,0,4,0,0,0,0,0,3,0,1,51,16,4,0,0,75,15,3,0,22,7,9,573,11,1,0,0,8,25,0,0,10,0,0,0,0,0,0,0,0,36,295,0,0,865,285,42,54,87,0,0,0,0,0,0,0,0,0,0,0,0,1,25,16,916,0,5339,4,693,13,505,0,113,36,17,341,17,0,0,83,530,396,273,168,597,0,0,568,231,51,274,449,2423,5,550,768,170,2,18,750,177,70,20,61,274,676,2132,0,1197,51,0,213,34,1460,29,2,0,88,48,559,18,0,603,51,10,13,0,9,44,90,413,171,786,0,43,50,0,0,1,5,72,5,0,0,267,23,1,27,3,943,1,43,0,0,0,43,7,60,32,4,800,0,54,2,1354,2,14,0,1,0,0,0,70,0,2460,89,0,1,0,0,15,0,0,2,0,0,1,72,6,0,0,227,0,0,0,0,0,1,0,0,0,0,0,0,0,0,0,0,0,1,0,0,0,0,0,0,0,3,8,0,0,0,0,0,0,0,0,0,0,0,0,0,0,0,1,12
1,122,62,61,59,0,0,0,58,0,0,852,1,465,0,1,232,0,0,0,0,0,0,3,0,0,27,11,1,1,0,0,0,0,0,0,4099,0,0,4158,0,7,0,0,1,209,0,1011,0,0,1,0,0,0,0,0,0,0,1,2,0,0,0,0,0,0,0,4,0,0,0,1,0,0,318,0,0,0,0,0,0,0,0,0,0,0,0,0,0,0,0,0,5,61,0,0,407,272,9,10,1,0,0,0,0,0,0,520,0,0,0,0,0,0,0,0,1094,0,2819,0,2403,0,3,0,46,14,3,400,0,0,0,12,219,1,0,0,897,0,0,273,12,2,568,34,126,0,38,18,8,0,0,129,1948,0,0,0,2207,8,311,0,161,0,0,197,7,54,17,0,0,505,0,65,2,0,3377,43,0,0,0,6,11,27,284,7,133,8,2095,0,2,0,0,44,0,3,0,0,0,0,1,117,0,300,0,246,15,0,69,0,0,69,0,0,53,0,12,0,422,0,32,0,0,11,0,0,6,0,34,26,0,0,0,0,0,0,0,2,0,0,0,1,4,3549,0,0,0,0,0,0,0,0,0,0,0,1,0,0,0,0,199,0,0,1,0,0,0,0,0,0,0,0,6,0,196,256,0,1,1,0,0,0,0,0,0,2,255,1,0,0
1,54,0,0,0,0,0,0,0,0,0,0,0,0,0,0,0,0,0,0,0,1,0,0,0,0,4,0,0,0,0,0,0,0,0,0,0,0,0,0,0,0,0,1,1,17,0,29,0,0,1,0,0,0,0,0,0,0,0,1,0,0,0,0,0,1,1,0,0,0,0,17,2,0,14,0,0,0,0,0,0,0,0,4,4,0,0,0,0,0,0,0,3,29,0,0,147,58,2,32,0,0,0,1,0,0,0,0,0,0,0,0,0,0,0,0,192,0,63,1,24,0,2,0,11,4,0,3,0,0,0,0,1,0,0,0,3,2,0,15,0,3,1,10,3,0,5,6,5,0,0,108,18,0,15,0,8,3,10,0,3,0,0,2,25,11,7,0,1,3,0,4,4,0,0,3,0,0,1,1,0,8,0,6,20,0,1,0,0,0,0,0,0,0,0,0,0,0,0,0,0,44,0,0,0,0,0,54,0,141,0,0,58,0,2,0,31,0,0,0,1,0,1,0,0,0,0,9,0,0,0,0,0,0,5,1,0,0,0,0,0,0,1,0,0,0,0,0,0,0,0,0,0,0,0,0,0,0,0,0,1,0,0,0,0,0,0,0,0,0,0,0,0,0,0,0,0,0,0,0,0,0,0,0,0,0,0,0
1,173,0,0,0,0,0,0,0,0,0,0,0,0,0,0,0,0,0,0,0,0,0,0,0,0,23,0,0,0,0,0,0,0,0,0,0,0,0,0,0,0,0,0,0,4,0,370,0,0,0,0,0,0,0,0,0,0,0,1,0,0,0,0,0,0,0,0,0,0,0,2,0,0,1,0,0,0,0,0,0,0,0,0,0,0,0,0,0,0,0,0,0,1,0,0,32,9,0,13,0,0,0,0,0,0,0,9,0,0,0,0,0,0,0,0,108,0,490,0,341,0,0,0,5,24,0,0,0,0,0,0,36,0,0,0,172,15,0,5,0,0,104,18,0,0,0,0,0,0,0,4,0,0,0,0,675,0,4,0,0,0,0,1,2,3,1086,0,0,181,0,0,16,0,1144,1,0,0,13,0,0,28,9,0,738,0,251,0,3,0,0,0,0,0,0,0,0,0,0,0,0,0,0,0,0,0,0,0,0,0,0,0,0,0,0,0,0,0,0,0,0,0,1,0,0,0,0,26,0,0,0,0,0,0,0,0,0,0,0,0,0,3,0,0,0,0,0,0,0,0,0,0,0,0,0,0,0,0,0,1,0,0,0,0,0,0,0,0,0,0,0,0,0,0,0,0,0,0,0,0,0,0,0,0,0,0,0,0
1,98,0,0,0,0,0,0,0,0,0,0,0,0,0,0,0,0,0,0,0,0,0,0,0,0,0,0,0,0,0,0,0,0,0,0,0,0,0,0,0,0,0,0,0,6,0,0,0,0,0,0,0,0,0,0,0,0,0,0,0,0,0,0,0,0,0,0,0,70,0,0,0,0,74,0,0,0,0,0,0,0,0,0,0,0,0,0,0,0,0,0,0,0,0,0,2,13,0,0,0,0,0,0,0,0,0,0,0,0,0,0,0,0,0,0,40,0,47,0,2,0,0,1,1,7,0,34,0,0,0,68,0,0,0,0,33,0,0,1,0,0,1,7,5,0,0,0,0,0,0,0,1,0,0,0,0,2,0,0,0,0,0,1,0,13,1,0,0,0,0,0,0,0,0,1,0,0,0,0,2,12,1,0,81,0,140,0,0,0,0,0,0,0,0,0,0,0,0,0,0,0,0,0,0,0,0,0,0,0,0,0,0,0,0,0,0,0,0,0,0,0,0,6,0,0,8,12,0,0,0,0,0,0,0,0,0,0,0,0,0,0,0,0,0,0,0,0,0,0,0,0,0,0,0,0,34,34,0,1,0,0,0,0,0,0,0,0,0,0,0,0,0,33,0,0,0,0,0,0,0,0,0,0,0,0,0,2
1,82,0,0,0,0,0,0,0,0,0,1,0,0,0,0,0,0,1,0,0,0,0,0,0,0,0,40,0,0,0,0,0,0,0,0,0,0,0,0,0,0,0,0,2,12,0,0,0,2,0,0,0,0,0,0,0,0,2,0,0,0,63,0,0,0,0,7,0,0,0,0,6,1,2,1,0,0,0,0,0,0,0,0,1,0,0,0,0,0,0,0,0,70,0,0,68,10,4,0,1,1,0,0,1,0,0,0,0,0,0,0,0,0,4,0,12,0,104,0,4,0,0,0,4,42,0,0,0,0,0,0,1,0,0,3,0,0,0,6,0,2,57,10,0,0,0,0,3,0,0,44,5,0,0,0,3,46,2,0,0,1,0,1,0,9,0,0,0,1,0,0,40,0,4,1,0,0,0,0,48,50,0,0,7,0,0,0,0,0,0,0,0,0,0,2,1,0,0,0,0,41,41,0,0,0,0,0,0,0,0,3,0,0,0,0,0,41,0,0,0,0,0,0,28,0,0,50,0,0,0,0,0,0,0,0,0,0,0,1,0,0,16,4,0,0,0,0,0,0,0,0,0,0,0,0,0,0,0,0,0,0,0,0,0,0,0,0,0,0,0,0,0,0,0,0,0,0,0,0,0,0,0,0,0,0,0,0
1,147,70,69,65,0,1319,0,68,0,0,1513,8,411,0,0,0,0,0,0,0,87,0,19,3,0,31,42,16,1,0,0,0,0,0,0,0,0,0,0,0,0,0,5,27,240,0,3704,0,0,117,0,0,9,0,0,0,2,0,8,0,0,42,3,0,0,0,116,41,21,0,18,17,27,1796,12,2,0,0,2,22,0,0,0,0,0,0,0,0,0,0,0,33,299,1,0,735,230,27,93,114,0,3,0,0,0,0,1061,0,0,0,0,0,2,26,44,1842,0,9122,23,2718,6,433,0,226,63,21,8,15,0,1,195,565,115,1,510,1314,0,0,630,169,54,4250,1159,5805,8,751,5446,234,3,45,548,307,4056,138,77,3481,3216,8981,0,5185,20,0,149,40,6267,2698,1,0,609,23,473,17,0,1735,64,0,2,0,22,75,118,420,293,5694,0,806,22,3253,0,0,27,0,4,0,0,898,48,1,117,58,5291,0,365,23,0,103,1568,3,216,112,0,5257,0,127,0,6130,0,85,0,1,23,1,0,4309,0,4976,127,0,1,0,0,47,1,37,7,0,0,0,88,4,0,0,421,0,0,0,0,0,2,0,0,0,0,0,0,0,0,0,1,0,0,0,0,0,0,0,0,4,34,0,0,0,0,0,0,0,0,0,0,0,0,0,0,0,0,3,2
1,105,4,0,0,0,0,0,0,0,2,26,0,0,0,0,0,0,0,0,1,161,0,5,1,0,1,11,0,0,0,0,0,0,0,0,0,0,0,0,0,0,0,219,4,149,0,33,0,0,14,0,0,0,0,0,2,0,4,5,0,3,0,214,0,16,16,8,0,72,2,8,6,0,736,4,2,0,0,6,4,0,6,4,0,0,0,0,0,0,0,0,7,103,0,0,500,274,16,96,15,14,62,0,0,0,0,0,0,0,1,0,1,0,2,6,242,0,1367,14,383,5,9,1,37,16,6,7,0,0,0,15,67,1,0,0,134,0,0,121,18,3,711,119,311,0,5,379,16,3,3,236,248,4,19,0,110,46,907,4,233,28,0,16,22,629,13,3,0,270,18,21,4,0,259,10,0,0,0,6,15,45,134,21,613,0,337,16,0,0,0,3,0,3,0,0,1088,1,0,0,0,93,0,0,0,0,0,16,0,1,0,0,182,0,2,0,131,0,0,0,23,0,0,0,99,0,549,46,46,0,2,0,0,0,0,4,0,0,0,13,4,0,0,4,0,0,0,0,0,0,0,0,0,0,0,0,0,0,2,0,0,0,0,2,2,2,2,6,0,0,0,0,0,0,0,0,0,0,0,0,0,0,0,0,0,0,0,6
1,50,0,0,0,0,0,0,0,0,0,0,0,0,0,0,0,0,0,0,0,6,0,0,0,0,0,0,0,0,0,0,0,0,0,0,0,0,0,0,0,0,0,0,0,15,0,0,0,1,0,0,0,0,0,0,1,0,0,0,0,0,0,0,0,0,0,0,0,0,0,0,0,0,49,0,0,0,0,0,0,0,0,0,0,0,0,2,0,0,1,0,0,29,0,0,28,12,4,0,1,1,0,0,0,0,0,1,0,0,0,0,0,0,0,0,13,0,219,0,2,5,5,0,4,0,0,0,0,0,0,11,3,17,8,0,0,0,0,5,0,0,6,3,128,0,0,4,3,1,0,37,17,0,0,0,0,2,8,0,4,2,0,0,0,85,0,0,0,0,0,5,0,0,0,5,0,8,0,2,0,10,0,4,19,0,0,0,0,0,1,1,0,1,0,0,0,0,0,0,0,0,0,0,0,0,0,0,0,0,0,0,0,0,0,0,0,0,0,0,0,0,0,0,3,0,200,10,0,0,0,0,0,0,0,0,0,0,0,1,0,0,0,0,0,0,0,0,0,0,0,0,0,0,0,0,0,0,0,1,0,0,0,0,1,0,0,2,0,0,0,0,0,1,0,0,0,0,0,0,0,0,0,1,0,1,0,0
1,58,0,0,0,0,0,0,0,0,0,0,0,0,0,0,0,0,0,0,0,6,0,0,0,0,0,0,0,0,0,0,0,0,0,0,0,0,0,0,0,0,0,0,0,14,0,0,0,1,0,0,0,0,0,0,1,0,0,0,0,0,0,0,0,0,0,0,0,0,0,0,0,0,50,0,0,0,0,0,0,0,0,0,0,0,0,2,0,1,1,0,0,29,0,0,28,12,3,0,1,1,0,0,0,0,0,1,0,0,0,0,0,0,0,0,15,0,222,0,2,5,5,0,4,0,0,0,0,0,0,13,3,17,8,0,0,0,0,5,0,0,6,3,128,0,0,4,3,1,0,35,17,0,0,0,0,2,9,0,4,2,0,0,0,85,0,0,0,0,0,5,0,0,0,5,0,8,0,2,0,10,0,4,17,0,0,0,0,0,1,1,0,0,0,0,0,0,0,0,0,0,0,0,0,0,0,0,0,0,0,0,0,0,0,0,0,0,0,0,0,0,0,0,3,0,200,10,0,0,0,0,0,0,0,0,0,0,0,1,0,0,0,0,0,0,0,0,0,0,0,0,0,0,0,0,0,0,0,0,0,0,0,0,1,0,0,2,0,0,0,0,0,1,0,0,0,0,0,0,0,0,0,1,0,1,0,0
1,110,0,0,0,0,209,0,0,0,0,959,9,445,2,2,0,1,0,0,0,19,0,5,1,0,16,21,2,1,0,0,0,0,0,0,0,0,0,0,0,0,0,6,31,288,3,33,0,0,89,0,0,2,0,0,0,0,0,2,0,1,55,15,4,0,0,186,14,15,0,23,9,9,564,13,1,0,0,9,12,0,0,10,0,0,0,0,0,0,0,0,37,317,0,0,995,280,38,62,90,0,0,0,0,0,0,0,0,0,0,0,0,1,25,14,891,0,5333,4,645,13,466,0,110,27,6,242,18,0,0,89,390,400,276,290,818,0,0,438,230,55,265,470,2438,4,540,716,160,1,18,689,253,65,18,65,359,1032,2024,0,1163,56,0,225,29,1644,29,1,0,162,49,555,6,0,756,41,10,12,0,8,41,73,289,178,736,0,140,51,0,0,0,2,57,2,0,0,245,19,1,42,5,920,1,39,0,0,0,50,3,44,34,6,736,0,47,2,1335,2,18,0,1,0,0,0,149,0,2511,75,0,1,0,0,39,0,0,1,0,0,1,71,3,0,0,415,0,0,0,0,0,1,0,0,0,0,0,0,0,0,0,0,0,1,0,0,0,0,0,0,0,3,6,0,0,0,0,0,0,0,0,0,0,0,0,0,0,0,1,12
1,120,56,59,62,0,0,0,60,0,0,853,1,464,0,1,147,0,0,0,0,0,0,3,0,0,32,9,1,1,3,0,0,0,0,0,4030,0,0,4163,0,6,0,0,2,211,0,958,0,0,1,0,0,0,0,0,0,0,1,2,0,0,0,0,0,0,0,4,0,0,0,1,0,0,350,0,0,0,0,0,0,0,0,0,0,0,0,0,0,0,0,0,5,66,0,0,476,266,10,10,1,0,0,0,0,0,0,507,0,0,0,0,0,0,0,0,1101,0,2661,0,2373,0,4,0,45,11,3,393,0,0,0,12,216,1,0,0,969,0,0,273,12,2,558,36,128,0,38,17,8,0,0,128,1911,0,0,0,2191,9,309,0,161,0,0,212,7,56,17,0,0,523,0,65,1,0,3356,47,0,0,0,6,11,25,281,6,140,6,2008,0,2,0,0,43,0,1,0,0,0,0,1,118,0,301,0,254,13,0,65,0,0,64,0,0,53,0,12,0,440,0,35,0,0,15,0,0,7,0,43,25,0,0,0,0,0,0,0,2,0,0,0,1,3,3491,0,0,0,0,0,0,0,0,0,0,0,1,0,0,0,0,138,1,0,1,0,0,0,0,0,0,0,0,4,0,145,256,0,1,0,0,0,0,0,0,0,2,255,0,0,0
1,111,0,0,0,0,1,0,0,0,0,0,0,0,0,0,0,0,0,0,0,0,0,0,0,0,0,0,0,0,0,0,0,0,0,0,0,0,0,0,0,0,0,0,0,1,0,0,0,0,0,0,0,0,0,0,0,0,0,3,0,0,0,0,0,0,0,0,0,0,0,0,0,0,1,0,0,0,0,0,0,0,0,0,0,0,0,0,0,0,0,0,0,13,0,0,12,1,5,0,0,0,0,0,0,0,0,0,0,0,0,0,0,0,0,0,6,0,71,0,0,0,0,0,0,0,0,0,0,0,0,0,0,0,0,0,0,0,0,0,0,0,0,2,1,0,0,0,0,0,0,2,0,0,0,0,0,0,0,0,0,0,0,0,0,3,0,0,0,0,0,0,0,0,0,0,0,0,0,2,0,4,0,0,3,0,0,0,0,0,0,0,0,0,0,0,0,0,0,0,0,0,0,0,0,0,0,0,0,0,0,0,0,0,0,0,0,0,0,0,0,0,1,0,0,0,2,5,0,0,0,0,0,0,1,1,0,0,0,0,0,0,0,0,0,0,0,0,0,0,0,0,0,0,0,0,0,0,0,0,0,0,0,0,0,0,0,0,0,0,0,0,0,0,0,0,0,0,0,0,0,0,0,0,0,0,0,0
1,79,0,514,1,0,0,0,0,0,0,0,0,0,0,0,0,0,0,0,0,0,0,0,0,0,0,0,0,0,1,0,1193,0,1192,0,0,0,0,0,684,0,0,0,0,3,0,0,0,0,0,0,0,0,0,0,0,0,1,1,0,0,0,0,0,0,0,0,0,0,0,0,0,0,0,0,0,0,0,0,0,0,0,0,0,0,0,0,0,0,0,0,0,0,0,0,14,9,0,6,0,0,0,0,0,0,0,0,0,0,0,0,0,0,0,0,2,0,0,0,0,0,0,0,0,0,0,0,0,0,0,0,0,0,0,0,0,0,0,0,0,0,0,0,0,0,0,0,0,0,0,0,0,0,0,0,0,3,0,0,0,0,0,0,17,0,0,0,0,0,0,0,0,0,0,0,0,0,0,0,4,6,0,0,3,0,0,0,0,0,0,0,0,0,0,0,0,0,0,0,0,0,0,0,0,0,0,0,0,0,0,0,0,0,0,0,0,0,0,0,0,0,0,0,0,0,0,5,0,0,0,0,0,0,0,1,0,0,0,0,0,0,0,0,0,0,0,0,0,0,0,0,0,0,0,0,0,0,0,0,0,0,0,0,0,0,0,0,0,0,0,0,0,0,0,0,0,0,0,0,0,0,0,0,0,0,0,0
1,142,58,55,57,1,0,0,58,0,0,853,1,465,0,1,255,0,0,0,0,0,0,3,0,0,36,0,1,1,4,0,0,0,0,0,7097,0,0,9422,0,2,0,0,2,214,0,1939,0,0,1,0,0,0,0,0,0,0,1,2,3,0,0,0,0,0,0,1,0,0,0,1,0,0,320,0,0,0,0,0,0,0,0,0,0,0,0,0,0,0,0,0,5,31,0,2,423,275,8,148,1,0,0,0,0,0,0,0,880,0,0,0,0,0,0,0,952,0,4661,0,4896,0,4,0,37,11,3,77,0,0,0,13,214,0,0,0,704,0,0,267,11,2,720,39,56,0,29,18,8,0,0,366,4694,0,0,0,3689,10,282,0,94,0,0,221,52,18,28,0,0,865,0,64,1,0,5080,8,0,0,0,6,10,24,298,9,137,0,3926,0,0,0,0,39,0,3,0,0,0,0,1,104,10,352,0,255,10,0,59,1,0,57,0,0,94,0,12,0,477,0,38,0,0,11,0,0,0,0,4,26,0,0,0,0,0,0,0,2,0,0,0,1,3,4759,0,0,0,0,0,0,0,0,0,0,0,1,0,0,0,0,256,1,0,1,0,0,0,0,0,0,0,0,120,0,255,256,0,1,1,0,0,0,0,0,0,2,255,0,0,0
1,97,0,2,0,0,449,0,0,0,0,985,7,431,0,1,0,0,0,0,0,33,0,6,0,0,32,8,0,0,0,0,0,0,0,0,0,0,0,0,0,0,0,3,19,190,2,44,0,0,90,0,0,4,0,0,0,0,0,0,0,0,65,18,2,0,0,86,20,19,0,13,7,5,630,4,1,0,0,2,30,0,0,5,0,0,0,0,0,0,0,0,26,257,0,0,636,189,13,53,88,0,0,0,0,0,0,0,0,0,0,0,0,1,16,18,841,0,4305,10,850,6,727,0,98,19,6,1,14,0,0,66,425,138,6,237,1198,0,0,459,124,55,230,351,1836,3,855,941,117,1,23,304,398,73,14,57,494,1171,1886,0,1114,20,0,187,22,965,22,1,0,314,20,723,14,0,1304,25,6,1,0,4,46,42,326,174,916,0,293,20,0,0,0,2,0,2,0,0,375,33,0,0,9,959,1,47,1,0,0,158,3,53,34,4,798,0,45,0,1404,2,13,0,1,0,0,0,317,0,1489,43,0,1,0,0,40,0,0,1,0,0,0,73,3,0,0,227,0,0,0,0,0,0,0,0,0,0,0,0,0,0,0,0,0,0,0,0,0,0,0,0,0,8,0,0,0,0,0,0,0,0,0,0,0,0,0,0,0,0,0,3
1,61,0,0,0,0,0,0,0,0,2,1,0,0,0,0,0,0,0,0,0,0,0,0,0,0,0,3,0,0,0,1,0,0,0,0,0,0,0,1,0,0,0,0,1,31,0,357,0,0,0,0,0,0,0,0,0,0,0,1,0,0,4,0,0,1,1,38,0,0,0,692,4,14,16,2,0,0,0,0,0,0,0,1,2,0,0,0,0,0,0,0,3,101,0,0,469,78,11,36,0,0,0,0,0,0,0,0,0,0,0,0,0,0,2,0,1909,0,2045,1,761,0,5,0,759,3,0,3,0,0,0,0,8,6,577,0,1048,0,0,765,0,21,30,83,66,3,6,16,19,0,0,212,31,0,14,0,746,1135,18,0,44,15,0,4,0,119,744,0,0,12,0,14,2,0,0,1482,0,0,0,0,4,10,2,744,20,0,0,0,0,0,0,0,0,0,0,0,17,0,0,0,0,29,0,0,0,0,0,56,0,139,0,0,46,0,2,0,36,0,0,0,0,0,1,0,11,0,86,11,2,0,0,0,0,0,4,1,0,0,0,0,0,0,0,356,0,0,0,0,0,0,14,0,0,0,0,0,0,0,0,0,1,0,0,0,0,0,0,0,0,0,0,0,0,0,0,0,0,0,0,0,0,0,0,0,0,0,1,3
1,83,0,0,0,0,0,0,0,0,0,1,0,0,0,0,0,0,1,0,0,0,0,0,0,0,0,42,0,0,0,0,0,0,0,0,0,0,0,0,0,0,0,0,2,12,0,0,0,2,0,0,0,0,0,0,0,0,2,0,0,0,54,0,0,0,0,7,0,0,0,0,6,1,2,1,0,0,0,0,0,0,0,0,1,0,0,0,0,0,0,0,0,69,0,0,68,10,4,0,1,1,0,0,1,0,0,0,0,0,0,0,0,0,4,0,14,0,102,0,4,0,0,0,4,42,0,0,0,0,0,0,1,0,0,3,0,0,0,6,0,2,57,10,0,0,0,0,3,0,0,43,5,0,0,0,3,46,2,0,0,1,0,1,0,9,0,0,0,1,0,0,42,0,4,1,0,0,0,0,45,49,0,0,5,0,0,0,0,0,0,0,0,0,0,2,1,0,0,0,0,41,41,0,0,0,0,0,0,0,0,3,0,0,0,0,0,41,0,0,0,0,0,0,27,0,0,49,0,0,0,0,0,0,0,0,0,0,0,1,0,0,16,4,0,0,0,0,0,0,0,0,0,0,0,0,0,0,0,0,0,0,0,0,0,0,0,0,0,0,0,0,0,0,0,0,0,0,0,0,0,0,0,0,0,0,0,0
1,127,0,0,0,0,0,0,0,0,0,0,0,0,0,1,0,0,0,0,0,0,12,0,0,0,0,11,0,1,7,0,0,0,0,0,28,0,0,68,0,10,0,0,0,18,0,272,12,5,0,0,0,0,0,0,0,0,0,25,0,0,2,0,0,0,0,0,0,0,0,0,0,0,38,24,0,0,0,0,0,0,0,0,0,0,0,0,0,0,0,0,0,95,0,0,465,42,8,1,2,2,0,0,0,0,0,27,0,0,0,0,0,0,0,0,253,0,1035,0,126,0,1,0,28,11,12,8,0,0,0,279,0,0,0,0,37,0,0,30,0,0,35,87,37,0,0,0,6,12,0,70,62,0,0,0,102,0,25,0,0,0,0,0,0,150,12,0,0,18,0,0,0,0,105,43,0,0,0,24,0,73,15,0,65,0,80,0,0,0,0,0,0,0,0,0,0,0,1,118,0,0,0,0,0,0,0,0,0,0,0,0,0,0,0,0,0,0,0,0,0,0,0,0,7,0,74,67,0,0,0,0,0,0,0,0,1,0,0,2,0,0,0,0,0,0,0,0,0,0,0,0,0,0,0,0,0,0,0,1,0,0,0,0,0,0,0,0,12,0,0,0,0,1,0,0,0,0,0,0,0,0,1,0,0,2,12,0
1,143,0,0,0,0,0,0,0,0,0,676,1,447,0,0,0,0,0,0,0,1,0,7,0,0,15,1,0,0,9,0,0,0,0,0,0,0,0,8,0,0,0,0,4,203,0,1,0,0,1,0,0,0,0,0,0,0,1,1,0,0,0,0,0,0,0,0,0,23,0,4,0,2,100,0,0,0,0,0,4,0,0,0,0,0,0,0,0,0,0,0,32,60,0,3,464,174,10,23,1,0,0,0,0,0,0,0,0,0,0,0,0,0,0,1,250,0,446,0,371,0,9,0,6,5,7,1,0,0,0,12,235,5,0,0,18,0,0,284,22,5,158,39,187,0,2,35,8,0,0,112,7,0,2,0,25,8,546,0,239,1,0,7,30,116,0,0,0,0,0,37,3,0,418,6,0,0,0,5,2,27,304,7,91,0,23,0,0,0,0,0,0,0,0,0,0,0,0,0,0,116,0,8,0,0,0,0,0,3,0,0,115,0,0,0,162,0,4,0,0,0,0,0,3,0,24,24,0,0,0,0,0,0,0,3,0,0,1,1,6,0,0,0,0,0,0,0,0,0,0,0,0,0,0,0,0,0,0,0,0,1,0,0,0,0,0,0,0,0,0,0,0,0,0,0,0,0,0,0,0,0,0,0,0,0,0,0
1,70,0,0,0,73,0,0,0,0,0,224,6,0,0,4,0,6,0,0,3,0,0,2,14,0,9778,6538,0,4,0,13,0,0,0,4216,8231,4281,4139,0,0,20,0,0,32,191,0,12738,0,12,1,0,0,0,8,0,0,0,8,34,0,1,4,0,0,0,0,9,0,3,0,3,0,0,226,38,0,0,0,0,11,0,0,0,4,0,0,0,0,0,0,0,25,256,0,0,1471,191,44,24,5,4,4,0,0,0,0,3294,0,0,0,0,0,0,6,0,6598,0,18077,0,4919,24,4,0,68,6511,22,140,0,0,0,10284,6166,241,0,36,5588,0,0,125,22,6,11562,170,1984,0,12,5116,155,0,0,397,78,5020,0,0,11278,4141,3302,0,655,11,0,7,20,927,8029,0,0,4098,0,7,11,0,4106,118,0,0,0,26,4291,6082,78,33,5909,0,7077,0,16,0,0,16,0,12,0,0,0,0,4,455,0,55,0,0,0,0,0,0,0,0,0,12,53,0,0,0,97,0,0,0,0,0,0,0,5107,0,1068,5914,0,0,0,0,0,0,0,9,8,0,9,1,2,0,0,0,0,0,0,0,0,8,0,1,0,0,0,0,0,0,0,8,0,0,3,0,0,0,0,0,8001,0,0,0,8,8,0,0,0,0,0,0,0,0,8,8,0,8,0,7
1,174,0,0,0,0,0,0,0,0,0,0,0,0,0,0,0,0,0,0,0,0,0,0,0,0,10,0,0,0,0,0,0,0,0,0,0,0,0,0,0,0,0,0,0,4,0,110,0,0,0,0,0,0,0,0,0,0,0,1,0,0,0,0,0,0,0,0,0,0,0,2,0,0,0,0,0,0,0,0,0,0,0,0,0,0,0,0,0,0,0,0,0,0,0,0,28,10,0,10,0,0,0,0,0,0,0,0,0,0,0,0,0,0,0,0,96,0,31,0,112,0,0,0,0,11,0,0,0,0,0,0,25,0,0,0,0,3,0,0,0,0,52,0,0,0,0,0,0,0,0,4,0,0,0,0,1,0,0,0,0,0,0,1,2,0,15,0,0,0,0,0,3,0,1,1,0,0,3,0,0,24,2,0,163,0,15,0,1,0,0,0,0,0,0,0,0,0,0,0,0,0,0,0,0,0,0,0,0,0,0,0,0,0,0,0,0,0,0,0,0,0,1,0,0,0,0,26,0,0,0,0,0,0,0,0,0,0,0,0,0,3,0,0,0,0,0,0,0,0,0,0,0,0,0,0,0,0,0,1,0,0,0,0,0,0,0,0,0,0,0,0,0,0,0,0,0,0,0,0,0,0,0,0,0,0,0,0
1,146,0,0,0,0,0,0,0,0,0,854,1,465,0,1,255,1,0,0,0,0,0,3,3,0,27,8,1,61,2,0,0,0,0,0,0,0,0,0,0,2,0,0,1,216,0,11,1,0,1,0,0,0,0,0,0,0,1,9,0,0,0,0,0,0,0,0,0,0,0,1,0,0,47,4,0,0,0,0,0,0,0,0,0,0,0,0,0,0,0,0,5,63,0,0,362,251,11,12,1,0,0,0,0,0,0,0,0,0,0,0,0,0,0,0,302,0,552,0,328,16,4,0,24,11,6,15,0,0,0,54,232,1,0,0,24,0,0,489,12,3,174,45,119,0,0,15,6,1,0,139,14,0,1,0,11,1,311,0,161,0,0,6,7,68,4,0,0,1,0,7,1,0,916,7,0,0,0,11,0,39,969,5,76,0,1,0,0,0,0,49,0,49,0,0,0,0,61,353,0,55,0,3,0,0,0,0,0,0,0,2,54,0,0,0,97,0,0,0,0,0,0,0,5,0,26,35,0,0,0,0,0,0,0,2,0,0,0,1,3,0,0,0,0,0,0,0,0,1,0,0,0,1,0,0,0,0,256,1,0,1,0,0,0,0,0,0,4,0,5,0,255,1,0,1,1,0,0,0,0,0,0,2,0,0,1,0
1,130,0,0,0,0,0,0,0,0,0,0,0,0,0,0,255,0,0,0,0,0,0,0,0,0,0,11,1,0,1,0,0,0,0,0,0,0,0,0,0,1,0,0,1,21,0,1984,0,0,0,0,0,0,0,0,0,0,1,1,0,0,0,0,0,0,0,0,0,0,0,0,0,0,5,0,0,0,0,0,0,0,0,0,0,0,0,0,0,0,0,0,0,5,0,0,14,20,2,6,0,0,0,0,0,0,0,0,0,0,0,0,0,0,0,0,37,0,2118,0,4,0,0,0,1,11,0,1998,0,0,0,31,3,0,0,0,23,0,0,2,0,0,2,9,2,0,0,0,0,0,0,19,0,0,0,0,0,7,1,0,0,0,0,0,0,8,3,0,0,1,0,0,0,0,255,0,0,0,0,2,11,19,6,0,32,0,1,0,2,0,0,0,0,0,0,0,0,0,0,0,0,0,0,0,0,0,0,0,0,0,0,0,0,0,0,0,0,0,0,0,0,0,0,0,0,0,4,19,0,0,0,0,0,0,0,1,0,0,0,0,0,0,0,0,0,0,0,0,0,0,0,0,0,0,0,0,0,0,251,1,0,0,0,0,0,0,0,0,0,0,0,0,249,256,0,1,1,0,0,0,0,0,0,2,255,1,0,0
1,99,0,0,0,0,0,0,0,0,0,0,0,0,0,0,0,0,0,0,0,0,0,0,0,0,0,0,0,0,0,0,0,0,0,0,0,0,0,0,0,0,0,0,0,6,0,0,0,0,0,0,0,0,0,0,0,0,0,0,0,0,0,0,0,0,0,0,0,70,0,0,0,0,77,0,0,0,0,0,0,0,0,0,0,0,0,0,0,0,0,0,0,0,0,0,2,13,0,0,0,0,0,0,0,0,0,0,0,0,0,0,0,0,0,0,41,0,47,0,2,0,0,1,1,7,0,34,0,0,0,68,0,0,0,0,33,0,0,1,0,0,1,6,5,0,0,0,0,0,0,0,1,0,0,0,0,4,0,0,0,0,0,1,0,13,1,0,0,0,0,0,0,0,0,1,0,0,0,0,4,12,1,0,87,0,139,0,0,0,0,0,0,0,0,0,0,0,0,0,0,0,0,0,0,0,0,0,0,0,0,0,0,0,0,0,0,0,0,0,0,0,0,6,0,0,8,12,0,0,0,0,0,0,0,0,0,0,0,0,0,0,0,0,0,0,0,0,0,0,0,0,0,0,0,0,34,34,0,1,0,0,0,0,0,0,0,0,0,0,0,0,0,33,0,0,0,0,0,0,0,0,0,0,0,0,0,2
1,108,0,1,1,0,97,0,0,0,2,904,7,420,0,2,0,0,0,0,0,20,0,18,0,0,22,8,1,0,0,0,0,0,0,0,0,0,0,0,0,0,0,5,9,203,3,10,0,0,95,0,0,5,0,0,0,0,0,0,0,0,49,24,2,0,0,82,19,7,0,14,7,9,693,5,1,0,0,2,28,0,0,6,0,0,0,0,0,0,0,0,27,311,3,0,859,209,17,69,96,0,0,0,0,0,0,0,0,0,0,0,0,0,16,19,615,0,5395,9,697,7,817,0,84,19,16,2,13,0,0,70,481,136,9,220,417,0,0,556,127,43,231,424,1880,3,983,1053,129,2,24,412,154,62,16,57,273,1556,2139,0,1190,21,0,234,29,1121,17,1,0,75,21,837,17,0,549,34,6,2,0,9,42,54,428,172,1085,0,58,20,0,0,0,3,0,4,0,0,310,26,0,0,13,947,1,45,1,0,0,171,5,62,32,5,807,0,35,2,1471,2,15,0,1,0,0,0,59,0,1457,52,0,1,0,0,12,0,0,1,0,0,0,74,4,0,0,165,0,0,0,0,0,0,0,0,0,0,0,0,0,0,0,0,0,0,0,0,0,0,0,0,0,9,0,0,0,0,0,0,0,0,0,0,0,0,0,0,0,0,0,3
1,114,0,0,0,0,1,0,0,0,0,0,0,0,0,0,0,0,0,0,0,0,0,0,0,0,0,0,0,0,0,0,0,0,0,0,0,0,0,0,0,0,0,0,0,1,0,0,0,0,0,0,0,0,0,0,0,0,0,3,0,0,0,0,0,0,0,0,0,0,0,0,0,0,1,0,0,0,0,0,0,0,0,0,0,0,0,0,0,0,0,0,0,13,0,0,12,1,5,0,0,0,0,0,0,0,0,0,0,0,0,0,0,0,0,0,7,0,71,0,0,0,0,0,0,0,0,0,0,0,0,0,0,0,0,0,0,0,0,0,0,0,0,2,1,0,0,0,0,0,0,2,0,0,0,0,0,0,0,0,0,0,0,0,0,3,0,0,0,0,0,0,0,0,0,0,0,0,0,2,0,4,0,0,3,0,0,0,0,0,0,0,0,0,0,0,0,0,0,0,0,0,0,0,0,0,0,0,0,0,0,0,0,0,0,0,0,0,0,0,0,0,1,0,0,0,2,5,0,0,0,0,0,0,1,1,0,0,0,0,0,0,0,0,0,0,0,0,0,0,0,0,0,0,0,0,0,0,0,0,0,0,0,0,0,0,0,0,0,0,0,0,0,0,0,0,0,0,0,0,0,0,0,0,0,0,0,0
1,139,62,59,61,0,0,0,58,0,0,852,1,464,0,2,0,0,0,0,0,0,0,3,1,0,29,9,0,1,2,0,0,0,0,0,4171,0,0,3963,0,5,0,0,2,198,0,972,0,0,1,0,0,0,0,0,0,0,1,2,0,0,0,0,0,0,0,4,0,0,0,1,0,0,301,0,0,0,0,0,0,0,0,0,0,0,0,0,0,0,0,0,5,72,0,0,364,239,11,10,1,0,0,0,0,0,0,538,0,0,0,0,0,0,0,0,1027,0,2567,0,2253,0,4,0,56,11,3,104,0,0,0,0,220,1,0,0,829,0,0,283,12,2,2145,36,131,0,25,17,9,0,0,122,1863,0,0,0,2393,8,311,0,164,0,0,182,7,60,21,0,0,574,0,59,1,0,3452,54,0,0,0,6,9,26,283,9,118,8,2180,0,0,0,0,40,0,2,0,0,0,0,1,117,0,267,0,218,10,0,44,0,0,43,0,0,52,0,10,0,401,0,38,0,0,11,0,0,8,0,39,26,0,0,0,0,0,0,0,2,0,0,0,1,4,3995,0,0,0,0,0,0,0,0,0,0,0,1,0,0,0,0,0,0,0,1,0,0,0,0,0,0,0,0,1,0,0,0,0,0,0,0,0,0,0,0,0,0,0,0,0,0
1,129,64,64,65,1,0,0,64,0,0,852,1,465,0,1,255,0,0,0,0,0,0,3,0,0,41,0,1,1,6,0,0,0,0,0,6795,0,0,9289,0,6,0,0,1,214,0,1924,0,0,5,0,0,0,0,0,0,0,0,0,3,0,0,0,0,0,0,2,0,0,0,1,0,0,347,0,0,0,0,0,0,0,0,0,0,0,0,0,0,0,0,0,7,25,0,0,464,282,8,146,5,0,0,0,0,0,0,0,820,0,0,0,0,0,0,0,946,0,4516,0,4832,0,5,0,42,12,3,68,0,0,0,13,225,0,1,0,692,0,0,275,12,2,685,41,57,0,27,19,11,0,0,409,4043,0,0,0,3506,16,286,0,95,0,0,209,52,19,21,0,0,820,0,64,1,0,4835,9,0,0,0,4,19,26,305,9,151,0,3655,0,0,0,0,42,0,3,0,0,0,0,1,114,10,340,0,241,10,0,64,1,0,65,0,0,93,0,15,0,496,0,36,0,0,12,0,0,0,0,4,26,0,0,0,0,0,0,0,2,0,0,0,1,4,4281,0,0,0,0,0,0,0,0,0,0,0,1,0,0,0,0,256,1,0,1,0,0,0,0,0,0,0,0,120,0,255,256,0,1,1,0,0,0,0,0,0,2,255,0,0,0
1,116,0,0,0,0,1,0,0,0,0,0,0,0,0,0,0,0,0,0,0,0,0,0,0,0,0,0,0,0,0,0,0,0,0,0,0,0,0,0,0,0,0,0,0,1,0,0,0,0,0,0,0,0,0,0,0,0,0,3,0,0,0,0,0,0,0,0,0,0,0,0,0,0,1,0,0,0,0,0,0,0,0,0,0,0,0,0,0,0,0,0,0,13,0,0,12,1,5,0,0,0,0,0,0,0,0,0,0,0,0,0,0,0,0,0,7,0,71,0,0,0,0,0,0,0,0,0,0,0,0,0,0,0,0,0,0,0,0,0,0,0,0,2,1,0,0,0,0,0,0,2,0,0,0,0,0,0,0,0,0,0,0,0,0,3,0,0,0,0,0,0,0,0,0,0,0,0,0,2,0,5,0,0,3,0,0,0,0,0,0,0,0,0,0,0,0,0,0,0,0,0,0,0,0,0,0,0,0,0,0,0,0,0,0,0,0,0,0,0,0,0,1,0,0,0,2,5,0,0,0,0,0,0,1,1,0,0,0,0,0,0,0,0,0,0,0,0,0,0,0,0,0,0,0,0,0,0,0,0,0,0,0,0,0,0,0,0,0,0,0,0,0,0,0,0,0,0,0,0,0,0,0,0,0,0,0,0
1,63,0,0,0,0,0,0,0,0,0,0,0,0,0,0,0,0,0,0,0,6,0,0,0,0,0,0,0,0,0,0,0,0,0,0,0,0,0,0,0,0,0,0,0,15,0,0,0,1,0,0,0,0,0,0,1,0,0,0,0,0,0,0,0,0,0,0,0,0,0,0,0,0,53,0,0,0,0,0,0,0,0,0,0,0,0,2,0,0,1,0,0,29,0,0,28,12,4,0,1,1,0,0,0,0,0,1,0,0,0,0,0,0,0,0,14,0,222,0,2,5,5,0,4,0,0,0,0,0,0,12,4,17,8,0,0,0,0,5,0,0,6,3,128,0,0,4,3,1,0,38,17,0,0,0,0,2,9,0,4,2,0,0,0,85,0,0,0,0,0,5,0,0,0,5,0,8,0,2,0,9,0,4,16,0,0,0,0,0,1,1,0,1,0,0,0,0,0,0,0,0,0,0,0,0,0,0,0,0,0,0,0,0,0,0,0,0,0,0,0,0,0,0,3,0,200,10,0,0,0,0,0,0,0,0,0,0,0,1,0,0,0,0,0,0,0,0,0,0,0,0,0,0,0,0,0,0,0,0,0,0,0,0,1,0,0,2,0,0,0,0,0,1,0,0,0,0,0,0,0,0,0,1,0,1,0,0
1,87,0,0,0,0,0,0,0,0,0,0,0,0,0,1,0,0,0,0,0,0,0,0,0,0,0,36,0,0,0,1,0,0,0,18,65,24,30,0,0,1,0,0,0,8,0,192,0,0,0,0,0,0,0,0,0,0,1,2,0,0,0,0,0,0,0,0,0,0,0,0,0,0,5,0,0,0,0,0,0,0,0,0,0,0,0,0,0,0,0,0,0,13,0,0,120,17,4,5,0,0,1,0,0,0,0,18,0,0,0,0,0,0,0,0,291,0,3457,0,39,0,0,0,5,35,2,1,0,0,0,3042,1025,0,0,0,14,0,0,6,0,0,2130,8,0,0,0,10,2,0,0,20,2,6,0,0,2144,11,227,0,0,0,0,0,0,4,3037,0,0,67,0,0,0,0,142,1,0,0,0,2,13,34,2,0,38,0,103,0,0,0,0,0,0,0,0,0,0,0,0,0,0,0,0,0,0,0,0,0,0,0,0,0,0,0,0,0,0,0,0,0,0,0,0,0,25,0,0,34,0,0,0,0,0,0,0,1,0,0,0,0,0,0,0,0,0,0,0,0,0,0,0,0,0,0,0,0,0,0,0,0,0,0,2,0,0,0,0,0,3034,0,0,0,0,0,0,0,0,0,0,0,0,0,0,0,0,0,0,0
1,124,30,31,32,0,0,0,32,0,0,0,0,0,0,1,0,0,0,0,0,0,13,0,0,0,0,46,0,2,12,0,0,0,0,1747,251,1866,1754,0,0,8,0,0,1,15,0,1727,13,3,0,0,0,0,0,0,0,0,2,28,0,0,0,0,0,0,0,13,0,0,0,0,2,0,254,26,0,0,0,0,0,0,0,0,2,0,0,0,0,0,0,0,0,525,0,0,225,31,5,1,3,2,0,0,0,0,0,279,0,0,0,0,0,0,0,0,689,0,3898,0,1026,0,1,0,25,47,13,1554,0,0,0,309,4,0,0,0,462,0,0,27,0,0,39,110,48,0,31,0,1,13,0,54,642,0,0,0,1436,44,28,0,0,0,0,144,0,177,16,0,0,257,0,43,0,0,1692,56,0,0,0,28,49,113,29,3,196,2,1692,0,0,0,0,26,0,2,0,0,0,0,2,206,0,145,0,146,10,0,54,0,0,54,0,0,0,0,12,0,202,0,18,0,0,3,0,0,1,0,100,104,0,0,0,0,0,0,0,1,0,0,0,3,0,0,0,3,0,0,0,0,0,0,0,0,0,0,0,0,0,0,0,0,0,0,0,0,0,0,0,0,13,0,0,0,0,2,0,0,0,0,0,0,0,0,2,0,0,2,13,0
1,96,0,0,0,0,0,0,0,0,0,644,1,432,1,1,0,0,0,0,0,0,0,4,0,0,10,3,0,0,0,0,0,0,0,0,0,0,0,0,0,0,0,0,2,169,0,0,0,0,1,0,0,0,0,0,0,0,0,0,0,0,0,0,0,0,0,8,0,0,0,3,3,1,34,2,0,0,0,0,0,0,0,1,0,0,0,0,0,0,0,0,5,53,0,0,111,149,10,4,1,0,0,0,0,0,0,0,0,0,0,0,0,0,3,0,545,0,357,0,300,0,4,0,7,5,4,31,0,0,0,0,186,4,135,0,171,0,0,230,12,3,165,31,114,0,1,21,10,0,0,121,8,0,0,0,1,1,272,0,111,3,0,6,7,67,2,0,0,1,0,8,1,0,396,6,1,0,0,7,0,20,249,5,43,0,0,0,0,0,0,0,0,0,0,0,0,0,0,0,0,55,0,0,0,0,0,0,0,0,0,0,53,0,0,0,97,0,0,0,0,0,0,0,3,0,100,20,0,0,0,0,1,0,0,1,0,0,0,1,3,0,0,50,0,0,0,0,0,0,0,0,0,0,0,0,0,0,0,0,0,0,0,0,0,0,0,0,0,0,4,0,0,0,0,0,0,0,0,0,0,0,0,0,0,0,0,4
1,52,0,0,0,0,0,0,0,0,0,0,0,0,0,0,0,0,0,0,0,0,0,0,0,0,0,0,0,0,0,0,0,0,0,0,0,0,0,0,0,0,0,0,0,11,0,0,0,1,0,0,0,0,0,0,0,0,0,0,0,0,0,0,0,0,0,0,0,0,0,0,0,0,15,0,0,0,0,0,0,0,0,0,0,0,0,2,0,0,1,0,0,18,0,0,11,7,3,0,1,1,0,0,0,0,0,0,0,0,0,0,0,0,0,0,4,0,102,0,0,2,0,0,1,0,0,0,0,0,0,1,0,0,0,0,0,0,0,2,0,0,3,2,0,0,0,0,2,0,0,13,1,0,0,0,0,0,0,0,1,0,0,0,0,2,0,0,0,0,0,0,0,0,0,0,0,0,0,2,0,7,0,1,1,0,0,0,0,0,0,0,0,0,0,0,0,0,0,0,0,0,0,0,0,0,0,0,0,0,0,0,0,0,0,0,0,0,0,0,0,0,0,0,2,0,2,7,0,0,0,0,0,0,0,0,0,0,0,1,0,0,0,0,0,0,0,0,0,0,0,0,0,0,0,0,0,0,0,1,0,0,0,0,0,0,0,0,0,0,0,0,0,0,0,0,0,0,0,0,0,0,0,1,0,1,0,0
1,103,4,0,0,0,0,0,0,0,2,26,0,0,0,0,0,0,0,0,1,161,0,5,1,0,1,11,0,0,0,0,0,0,0,0,0,0,0,0,0,0,0,219,5,147,0,33,0,0,14,0,0,0,0,0,2,0,4,5,0,3,0,214,0,16,16,8,0,71,2,8,6,0,739,4,2,0,0,6,5,0,6,4,0,0,0,0,0,0,0,0,7,101,0,0,499,273,16,95,15,14,62,0,0,0,0,0,0,0,1,0,1,0,2,6,223,0,1302,14,405,5,9,1,37,16,6,6,0,0,0,14,74,2,0,0,115,0,0,123,18,3,712,119,316,0,5,379,15,3,3,238,248,3,19,0,109,46,907,4,236,27,0,16,22,650,13,2,0,266,18,21,4,0,270,10,0,0,0,6,15,41,133,21,618,0,337,16,0,0,0,3,0,3,0,0,1088,1,0,0,0,93,0,0,0,0,0,16,0,1,0,0,181,0,2,0,131,0,0,0,23,0,0,0,99,0,446,41,46,0,2,0,0,0,0,4,0,0,0,13,4,0,0,4,0,0,0,0,0,0,0,0,0,0,0,0,0,0,2,0,0,0,0,2,2,2,2,6,0,0,0,0,0,0,0,0,0,0,0,0,0,0,0,0,0,0,0,6
1,74,0,0,0,0,0,0,0,0,0,0,0,0,0,0,0,0,0,0,0,0,0,0,0,0,0,0,0,0,0,0,0,0,0,0,0,0,0,0,0,0,0,0,0,0,0,0,0,0,0,0,0,0,0,0,0,0,0,0,0,0,0,0,0,0,0,0,0,0,0,0,0,0,0,0,0,0,0,0,0,0,0,0,0,0,0,0,0,0,0,0,0,0,0,0,0,0,0,0,0,0,0,0,0,0,0,0,0,0,0,0,0,0,0,0,0,0,0,0,0,0,0,0,0,0,0,0,0,0,0,0,0,0,0,0,0,0,0,0,0,0,0,0,0,0,0,0,0,0,0,0,0,0,0,0,0,0,0,0,0,0,0,0,0,0,0,0,0,0,0,0,0,0,0,0,0,0,0,0,0,0,0,0,0,0,0,0,0,0,0,0,0,0,0,0,0,0,0,0,0,0,0,0,0,0,0,0,0,0,0,0,0,0,0,0,0,0,0,0,0,0,0,0,0,0,0,0,0,0,0,0,0,0,0,0,0,0,0,0,0,0,0,0,0,0,0,0,0,0,0,0,0,0,0,0,0,0,0,0,0,0,0,0,0,0,0,0,0,0,0,0,0,0,0,0,0,0,0,0,0,0,0,0,0,0,0,0
1,92,0,0,0,0,0,0,0,0,0,755,1,444,2,1,0,0,0,0,0,0,0,5,0,0,22,4,0,0,0,0,0,0,0,0,0,0,0,0,0,0,0,0,3,170,0,0,0,0,1,0,0,0,0,0,0,0,0,1,0,0,0,0,0,0,0,1,0,0,0,4,0,0,36,0,0,0,0,0,0,0,0,0,0,0,0,0,0,0,0,0,8,53,0,0,96,119,11,4,1,0,0,0,0,0,0,0,0,0,0,0,0,0,0,0,257,0,375,0,311,1,5,0,5,6,5,4,0,0,0,0,238,0,0,0,18,0,0,230,21,6,161,33,98,0,0,27,11,0,0,132,6,0,0,0,0,3,453,0,77,0,0,7,9,120,0,0,0,0,0,9,1,0,466,6,1,0,0,8,1,26,254,5,58,0,0,0,0,0,0,0,0,0,0,0,4,1,0,0,0,56,0,0,0,0,0,0,0,0,0,0,53,0,0,0,97,0,1,0,0,0,0,0,3,0,26,25,0,0,0,0,0,0,0,1,0,0,0,1,3,0,0,0,0,0,0,0,0,0,0,0,0,0,0,0,0,0,0,0,0,0,0,0,0,0,0,0,0,0,5,0,0,0,0,0,0,0,0,0,0,0,0,0,0,0,0,0
1,140,55,50,52,0,0,0,49,0,0,857,1,465,0,2,0,0,0,0,0,0,0,6,1,0,27,9,0,1,5,0,0,0,0,0,3949,0,0,3794,0,7,0,0,2,197,0,974,0,0,1,0,0,0,0,0,0,0,1,2,0,0,0,0,0,0,0,4,0,0,0,1,0,0,299,0,0,0,0,0,0,0,0,0,0,0,0,0,0,0,0,0,5,72,0,0,365,251,11,10,1,0,0,0,0,0,0,425,0,0,0,0,0,0,0,0,1041,0,2598,0,2177,0,4,0,49,11,5,89,0,0,0,0,241,1,0,0,889,0,0,330,12,2,2065,34,126,0,33,17,10,0,0,127,1795,0,0,0,1892,9,309,0,161,0,0,185,7,53,18,0,0,439,0,61,4,0,2968,41,0,0,0,6,7,27,337,8,131,2,1843,0,0,0,0,40,0,3,0,0,0,0,1,106,0,276,0,220,11,0,57,0,0,60,0,0,53,0,12,0,395,0,30,0,0,12,0,0,8,0,36,25,0,0,0,0,0,0,0,2,0,0,0,1,3,3569,0,0,0,0,0,0,0,0,0,0,0,1,0,0,0,0,0,0,0,1,0,0,0,0,0,0,0,0,0,0,0,0,0,0,0,0,0,0,0,0,0,0,0,0,0,0
1,126,0,0,0,0,0,0,0,0,0,0,0,0,0,1,0,0,0,0,0,0,155,0,146,0,0,0,0,0,0,0,0,0,0,0,0,0,0,0,0,0,0,0,0,446,0,1020,88,2,0,0,0,0,0,0,0,0,0,523,0,0,0,0,0,0,0,0,0,0,0,0,0,0,691,314,0,0,0,0,0,0,0,0,0,0,0,0,0,0,0,0,0,1218,0,0,1837,231,216,0,2,2,0,0,0,0,0,0,0,0,0,0,0,0,0,0,2546,0,18025,0,143,0,1,0,236,0,302,0,0,0,0,3304,26,0,0,0,414,0,0,237,0,13,228,1371,408,0,0,0,1,88,0,459,243,0,0,0,0,15,315,0,0,0,0,13,0,2121,281,0,0,0,0,0,0,0,0,278,0,0,0,465,2,1135,26,146,926,0,0,0,0,0,0,134,0,67,0,0,0,0,0,0,0,0,0,0,0,0,0,0,0,0,0,0,0,0,0,0,0,0,0,0,0,0,0,0,1,0,817,1018,0,0,0,0,0,0,0,0,0,0,0,2,0,0,0,0,0,0,0,0,0,75,0,0,0,0,0,0,0,0,0,0,0,0,0,0,0,0,0,0,281,0,0,0,0,0,0,0,0,0,0,0,0,0,0,0,0,0,88,0
1,55,0,0,0,0,0,0,0,0,0,0,0,0,0,0,0,0,0,0,0,6,0,0,0,0,0,0,0,0,0,0,0,0,0,0,0,0,0,0,0,0,0,0,0,14,0,0,0,1,0,0,0,0,0,0,1,0,0,0,0,0,0,0,0,0,0,0,0,0,0,0,0,0,51,0,0,0,0,0,0,0,0,0,0,0,0,2,0,0,1,0,0,29,0,0,28,13,4,0,1,1,0,0,0,0,0,1,0,0,0,0,0,0,0,0,11,0,223,0,2,5,5,0,4,0,0,0,0,0,0,12,3,17,8,0,0,0,0,5,0,0,6,3,128,0,0,4,3,1,0,38,17,0,0,0,0,2,9,0,4,2,0,0,0,85,0,0,0,0,0,5,0,0,0,5,0,8,0,2,0,10,0,4,18,0,0,0,0,0,1,1,0,0,0,0,0,0,0,0,0,0,0,0,0,0,0,0,0,0,0,0,0,0,0,0,0,0,0,0,0,0,0,0,3,0,200,9,0,0,0,0,0,0,0,0,0,0,0,1,0,0,0,0,0,0,0,0,0,0,0,0,0,0,0,0,0,0,0,1,0,0,0,0,1,0,0,2,0,0,0,0,0,1,0,0,0,0,0,0,0,0,0,1,0,1,0,0
1,156,0,0,0,0,0,0,0,0,0,0,0,0,0,0,0,0,0,0,0,0,0,2,0,0,19,0,0,0,0,0,0,0,0,0,0,0,0,0,0,0,0,0,1,7,0,608,1,0,0,0,0,0,0,0,0,0,0,3,0,0,0,0,0,0,0,0,0,0,0,2,0,0,3,2,0,0,0,1,0,0,0,0,0,0,0,0,0,0,0,0,0,11,0,0,49,11,0,10,0,0,0,0,0,0,0,2681,0,0,0,0,0,0,0,0,1056,0,1357,0,564,0,0,0,2,18,1,0,0,0,0,19,133,0,0,0,1341,107,0,1,0,0,1533,5,0,0,0,0,0,1,0,14,5,0,36,0,1187,0,0,0,0,0,0,0,3,4,1002,0,0,558,0,0,102,1,2097,1,0,0,103,4,0,34,0,1,873,0,804,0,7,0,0,0,0,0,0,0,0,0,0,0,0,9,0,0,0,0,0,0,0,0,0,0,3,0,0,0,7,0,0,0,0,0,1,0,0,0,0,35,0,0,0,0,0,0,0,1,0,0,0,0,0,1,0,0,0,0,0,0,0,1,0,0,0,0,0,0,0,0,0,1,0,0,0,0,0,0,0,0,0,0,0,0,0,0,0,0,0,0,0,0,0,0,0,0,0,0,1,0
1,115,0,0,0,0,3,0,0,0,0,0,0,0,0,0,0,0,0,0,0,0,0,0,3,0,0,17,0,0,0,0,0,0,0,0,0,0,0,0,0,0,0,0,33,16,0,4650,2,0,0,0,0,0,0,0,0,0,0,7,0,1,0,0,0,0,0,0,0,0,0,0,0,0,14,5,0,0,0,0,2,0,0,0,0,0,0,0,0,0,0,0,0,40,0,0,50,8,10,0,0,0,0,0,0,0,0,0,0,0,0,0,0,0,0,0,534,0,3557,0,3088,10,0,2,10,19,4,1619,0,0,0,4686,2,0,0,0,442,0,0,11,2,0,4955,30,18,0,0,2,5,2,0,67,64,0,0,0,3581,9,55,0,0,4,0,0,0,49,3613,0,0,5,0,0,0,0,73,126,0,0,0,10,9,48,2,3,52,0,3,0,2,0,0,1,0,0,0,0,0,0,0,0,0,0,0,0,0,0,0,0,0,0,0,0,0,0,0,0,0,0,0,0,0,0,1,0,11,0,32,47,0,0,0,0,0,0,19,1,0,0,0,0,0,0,0,0,0,0,0,0,0,2,0,0,0,0,0,0,0,0,0,1,0,0,0,0,0,0,0,0,1115,0,0,0,0,4,0,0,0,0,0,4,0,0,0,0,0,0,2,0
1,47,0,0,0,0,29,0,0,1,2,933,28,97,0,0,0,0,2,0,21,66,20,5,3,0,33,9,6,3,7,6,0,1,0,4,291,2,1,308,0,5,2,2806,50,229,2,2388,11,48,106,0,0,19,0,0,0,0,0,10,0,3,1158,50,0,1,1,157,23,12,3,26,26,12,7494,2244,13,1,0,12,34,0,3,2,0,0,0,0,0,0,0,0,39,436,0,0,1544,373,100,214,104,1,0,0,0,3,136,1184,0,0,0,0,1,2,25,23,1343,0,14539,18,5443,14,1227,0,1183,32,30,1038,23,0,0,258,544,201,52,651,446,0,0,1770,57,62,1234,888,3703,12,1263,2330,197,4,35,1033,3467,265,86,49,2223,1316,7798,0,3134,64,0,179,33,2380,151,1,0,1180,60,1687,13,0,1804,139,0,10,0,42,69,183,2344,231,2196,0,1935,60,0,0,0,2,0,2,0,1,535,35,3,335,62,5313,0,68,0,0,10,564,5,49,45,4,6604,2,143,6,6075,1,40,0,6,0,0,0,20,0,3016,177,7,3,2,0,23,0,0,4,11,0,1,76,2,0,6,865,2,6,258,0,7,4,0,0,0,0,0,0,0,0,0,4,0,0,0,0,0,0,0,0,12,40,0,5,7,21,17,0,0,27,2,21,2353,12,0,12,3,19,9,11
1,51,0,0,0,0,0,0,0,0,0,0,0,0,0,0,0,0,0,0,0,0,0,0,0,0,0,0,0,0,0,0,0,0,0,0,0,0,0,0,0,0,0,0,0,11,0,0,0,1,0,0,0,0,0,0,0,0,0,0,0,0,0,0,0,0,0,0,0,0,0,0,0,0,15,0,0,0,0,0,0,0,0,0,0,0,0,2,0,0,1,0,0,18,0,0,11,7,3,0,1,1,0,0,0,0,0,0,0,0,0,0,0,0,0,0,6,0,102,0,0,2,0,0,1,0,0,0,0,0,0,1,0,0,0,0,0,0,0,2,0,0,3,2,0,0,0,0,2,0,0,14,1,0,0,0,0,0,0,0,1,0,0,0,0,2,0,0,0,0,0,0,0,0,0,0,0,0,0,2,0,6,0,1,4,0,0,0,0,0,0,0,0,0,0,0,0,0,0,0,0,0,0,0,0,0,0,0,0,0,0,0,0,0,0,0,0,0,0,0,0,0,0,0,2,0,2,7,0,0,0,0,0,0,0,0,0,0,0,1,0,0,0,0,0,0,0,0,0,0,0,0,0,0,0,0,0,0,0,1,0,0,0,0,0,0,0,0,0,0,0,0,0,1,0,0,0,0,0,0,0,0,0,1,0,1,0,0
1,125,34,33,30,0,0,0,32,0,0,0,0,0,0,1,0,0,0,0,0,0,12,0,0,0,0,43,0,1,10,0,0,0,0,0,1715,0,0,1195,0,7,0,0,0,22,0,1721,12,3,0,0,0,0,0,0,0,0,0,26,0,0,0,0,0,0,0,14,0,0,0,0,0,0,242,24,0,0,0,0,0,0,0,0,0,0,0,0,0,0,0,0,0,104,0,0,459,43,6,2,3,2,0,0,0,0,0,253,0,0,0,0,0,0,0,0,684,0,3782,0,877,0,1,0,45,44,12,2911,0,0,0,279,3,0,0,0,499,0,0,47,0,0,50,103,48,0,31,1,6,11,0,78,544,0,0,0,1059,45,25,0,0,0,0,156,0,164,29,0,0,243,0,25,0,0,1195,74,0,0,0,26,56,105,31,4,133,5,1484,0,0,0,0,36,0,5,0,0,0,0,1,118,0,138,0,134,4,0,21,0,0,25,0,0,0,0,6,0,180,0,11,0,0,7,0,0,7,0,94,98,0,0,0,0,0,0,0,1,0,0,0,3,0,2023,0,0,0,0,0,0,0,0,0,0,0,0,0,0,0,0,0,1,0,0,0,0,0,0,0,0,12,0,0,0,0,2,0,0,0,0,0,0,0,0,2,0,0,2,12,0
1,100,0,0,0,0,0,0,0,0,0,0,0,0,0,0,0,0,0,0,0,0,0,0,0,0,0,0,0,0,0,0,0,0,0,0,0,0,0,0,0,0,0,0,0,6,0,0,0,0,0,0,0,0,0,0,0,0,0,0,0,0,0,0,0,0,0,0,0,72,0,0,0,0,78,0,0,0,0,0,0,0,0,0,0,0,0,0,0,0,0,0,0,0,0,0,2,13,0,0,0,0,0,0,0,0,0,0,0,0,0,0,0,0,0,0,38,0,45,0,3,0,0,1,1,6,0,41,0,0,0,64,0,0,0,0,32,0,0,1,0,0,1,7,5,0,0,0,0,0,0,0,1,0,0,0,0,2,0,0,0,0,0,0,0,13,1,0,0,0,0,0,0,0,0,1,0,0,0,0,3,12,1,0,83,0,148,0,0,0,0,0,0,0,0,0,0,0,0,0,0,0,0,0,0,0,0,0,0,0,0,0,0,0,0,0,0,0,0,0,0,0,0,5,0,0,8,12,0,0,0,0,0,0,0,0,0,0,0,0,0,0,0,0,0,0,0,0,0,0,0,0,0,0,0,0,32,32,0,1,0,0,0,0,0,0,0,0,0,0,0,0,0,32,0,0,0,0,0,0,0,0,0,0,0,0,0,2
1,60,0,0,0,0,0,0,0,0,2,0,0,0,0,0,0,0,0,0,0,0,1,0,0,0,0,0,0,0,0,0,0,0,0,0,0,0,0,0,0,0,0,0,0,4,0,0,0,1,0,0,0,0,0,0,0,0,0,0,0,0,0,0,0,0,0,0,0,0,0,0,0,0,1,0,0,0,0,0,0,0,0,0,0,0,0,0,0,0,0,0,1,9,0,0,15,2,1,0,1,1,0,0,0,0,0,0,0,0,0,0,0,0,0,0,2,0,106,0,1,0,1,0,3,0,0,0,0,0,0,0,0,0,0,0,0,0,0,7,0,0,8,9,1,0,0,2,4,0,0,35,1,0,0,0,0,0,3,0,0,0,0,2,0,9,1,0,0,0,0,2,0,0,0,3,0,0,0,2,0,5,5,3,3,0,0,0,0,0,0,0,0,0,0,0,0,0,0,0,0,0,0,0,0,0,0,0,0,0,0,0,0,0,0,0,0,0,0,0,0,0,0,0,1,0,0,5,0,0,0,0,0,0,0,0,0,0,0,1,0,0,0,0,0,0,0,0,0,0,0,0,0,0,0,0,0,0,0,0,0,0,0,0,0,0,0,0,0,0,0,0,0,0,0,0,0,0,0,0,0,0,0,0,0,0,0,1
1,81,0,0,0,0,0,0,0,0,0,1,0,0,0,0,0,0,1,0,0,0,0,0,0,0,0,42,0,0,0,0,0,0,0,0,0,0,0,0,0,0,0,0,2,12,0,0,0,2,0,0,0,0,0,0,0,0,2,0,0,0,56,0,0,0,0,7,0,0,0,0,6,1,2,1,0,0,0,0,0,0,0,0,1,0,0,0,0,0,0,0,0,70,0,0,68,10,4,0,1,1,0,0,1,0,0,0,0,0,0,0,0,0,4,0,12,0,102,0,4,0,0,0,4,42,0,0,0,0,0,0,1,0,0,3,0,0,0,6,0,2,56,10,0,0,0,0,3,0,0,43,5,0,0,0,3,47,2,0,0,1,0,1,0,9,0,0,0,1,0,0,42,0,4,1,0,0,0,0,47,49,0,0,6,0,0,0,0,0,0,0,0,0,0,2,2,0,0,0,0,41,41,0,0,0,0,0,0,0,0,3,0,0,0,0,0,41,0,0,0,0,0,0,28,0,0,48,0,0,0,0,0,0,0,0,0,0,0,1,0,0,16,4,0,0,0,0,0,0,0,0,0,0,0,0,0,0,0,0,0,0,0,0,0,0,0,0,0,0,0,0,0,0,0,0,0,0,0,0,0,0,0,0,0,0,0,0
1,76,3,13,6,0,0,0,0,0,6,1621,36,534,47,2,0,0,0,1,1,223,0,29,0,0,4070,2,10,1,0,17,0,0,0,366,685,329,345,0,0,4,0,1,42,316,0,4566,0,0,9,0,0,1,0,1,0,0,2,7,4,0,0,0,0,1,1,35,0,1,0,32,1,1487,1200,26,4,0,0,0,11,0,0,2,0,0,0,0,0,0,0,0,70,199,2,0,1122,342,26,153,8,0,1,0,0,0,0,2,0,0,0,0,0,0,1,1,4472,1047,8184,16,4784,1,144,0,31,4043,29,147,0,0,0,56,563,2,0,1,4514,0,28,464,32,18,4171,1809,2136,0,123,1088,122,4,1,350,294,6,1,0,2724,4183,4581,0,3029,7,0,27,163,444,12,0,0,1567,0,866,29,0,4066,14,0,1,0,26,4131,4053,471,41,5694,0,4020,0,0,0,0,11,0,11,0,0,421,3,1,108,0,4587,0,247,0,0,0,915,3,63,9,0,2929,0,90,0,8338,0,7,0,0,0,0,0,2,0,1605,4123,0,1,0,0,0,0,0,6,0,0,3,2,4,1,0,1,0,0,0,0,1,1,0,0,0,0,0,0,0,0,0,0,0,0,0,0,0,0,0,0,1,12,0,0,0,0,0,0,0,0,0,0,0,0,0,0,0,0,1,1
1,88,0,0,0,0,0,0,0,0,0,38,0,0,0,1,0,0,0,0,3,0,0,1,0,0,0,53,0,2,0,1,0,0,0,29,100,51,48,0,0,1,0,0,2,30,0,677,0,0,0,0,0,0,0,0,0,0,4,5,0,0,0,0,0,0,0,0,0,0,0,2,0,0,90,0,1,0,0,0,4,0,0,0,0,0,0,0,0,0,0,0,19,19,0,0,166,54,5,20,0,0,1,0,0,0,0,29,0,0,0,0,0,0,0,0,342,0,8449,0,116,0,1,0,6,55,6,6,0,0,0,7690,2594,0,0,0,29,0,0,26,0,0,5257,17,135,0,0,22,3,0,0,38,2,8,0,0,5334,28,438,0,155,1,0,0,4,89,7670,0,0,99,0,1,1,0,228,1,0,0,0,2,19,67,20,0,48,0,167,1,0,0,0,0,0,0,0,0,0,0,2,248,0,0,0,0,0,0,0,0,0,0,0,0,0,0,0,0,0,0,0,0,0,0,0,0,26,0,20,64,0,0,0,0,0,0,0,4,0,0,3,0,0,0,0,0,0,0,0,0,0,0,0,0,0,0,0,0,0,0,0,0,0,0,2,0,0,0,0,0,7666,0,0,0,0,0,0,0,0,0,0,0,0,0,0,0,0,0,0,0
1,57,0,0,0,0,43,0,0,1,2,1387,17,461,0,0,0,0,1,0,19,82,8,3,2,0,33,8,3,0,4,0,0,1,0,4,292,2,1,301,0,5,9,2193,54,318,0,2342,10,51,57,0,648,9,0,0,0,0,0,5,0,1,58,19,0,1,1,111,25,15,4,17,29,10,1502,42,12,1,0,6,27,0,0,0,0,0,0,0,0,0,0,0,24,305,2,0,1149,414,69,163,58,1,4,0,0,0,0,621,0,0,0,0,0,2,17,27,810,0,12317,10,5469,15,700,0,154,27,15,56,2,0,0,194,391,424,51,402,189,0,0,455,18,33,655,659,3389,10,868,1574,206,3,27,968,2860,162,91,9,1134,1462,3891,0,2615,71,0,170,14,2165,85,1,0,785,45,807,11,0,1630,131,0,14,0,21,34,110,325,118,1260,0,1426,45,0,0,0,1,0,1,0,1,418,23,0,0,83,5464,0,69,0,0,1,455,5,77,51,2,6061,2,71,8,5875,2,37,0,1,0,0,0,18,0,3207,109,7,1,2,0,26,0,0,4,8,0,1,49,2,0,8,828,2,0,0,16,6,3,0,0,0,4,1368,4,0,0,0,4,0,4,0,0,0,0,0,0,5,54,0,0,16,16,16,0,0,16,0,0,16,0,0,0,0,16,4,8
1,109,6,0,0,0,25,0,0,0,0,874,12,98,0,0,0,0,0,0,5,38,0,7,2,0,23,259,0,0,22,5,41,0,41,26,9,2,1,4,41,25,0,11,50,172,2,134,0,0,118,0,0,9,0,1,1,0,2,5,1,0,11,51,0,7,7,39,20,27,0,58,134,6,2137,49,3,1,1,0,37,0,0,6,3,1,1,3,0,0,0,1,41,500,2,0,1157,356,18,238,117,0,1,0,0,0,0,0,0,0,0,0,0,4,6,21,868,0,5836,23,517,14,1877,0,165,279,9,10,45,0,1,797,425,34,24,566,200,0,0,375,36,22,135,444,1733,5,2117,2519,203,3,24,514,364,159,125,80,638,1488,4272,0,1990,29,0,93,23,370,74,3,0,176,1,2009,274,0,332,35,0,10,0,11,278,67,203,224,2335,0,94,0,3701,0,0,7,0,7,0,0,517,39,0,0,13,4533,0,84,0,0,10,364,3,322,49,4,5414,0,202,0,5346,0,40,0,2,0,1,0,5,1,1847,318,13,1,0,0,48,0,252,6,0,0,2,86,2,0,0,667,0,0,0,0,0,0,14,0,0,2,4,0,0,0,3,1,1,2,0,0,2,0,0,2,0,14,0,0,0,3,0,0,0,0,0,0,0,0,0,3,0,1,1,0
1,75,0,33,3,0,0,0,0,2,0,1442,10,522,0,2,0,12,0,1,2,2,0,6,18,16,1308,2085,23,8,0,3,0,0,0,245,414,217,201,0,0,1,0,0,41,372,0,3830,2,0,63,0,0,0,2,0,0,0,2,49,0,1,0,4,0,0,0,68,0,1,0,9,8,1756,459,52,0,0,0,0,14,0,0,2,0,0,0,0,0,0,0,0,127,294,0,0,461,262,48,18,64,0,8,0,0,0,0,822,0,1,0,0,0,0,4,10,7628,1668,14973,2,2112,25,13,0,96,2131,33,48,0,8,0,8689,6348,276,2,3,7718,0,32,394,36,42,8854,1611,4250,0,135,1079,81,5,3,548,176,5020,4,0,7514,1524,5906,0,4912,27,0,16,35,1939,8052,0,0,426,14,32,22,0,2392,140,0,10,0,50,1230,2199,397,44,1743,0,3242,14,6,0,0,40,0,32,0,0,241,1,8,972,0,2579,0,240,0,0,0,850,0,70,27,0,773,0,25,0,3238,0,11,0,0,0,0,0,1320,0,3063,2121,0,0,0,0,0,0,0,2,0,0,9,59,4,0,0,94,0,0,0,0,0,9,0,0,0,1,32,0,0,0,0,3,0,3,6,0,0,0,0,0,8026,17,0,0,2,3,0,0,0,0,0,0,0,0,2,2,0,2,2,1
1,84,0,0,0,0,0,0,0,0,0,0,0,0,0,0,0,0,0,0,0,0,0,0,0,0,0,0,0,0,0,0,0,0,0,0,0,0,0,0,0,0,0,0,0,0,0,0,0,0,0,0,0,0,0,0,0,0,0,0,0,0,0,0,0,0,0,0,0,0,0,0,0,0,0,0,0,0,0,0,0,0,0,0,0,0,0,0,0,0,0,0,0,0,0,0,0,0,0,0,0,0,0,0,0,0,0,0,0,0,0,0,0,0,0,0,0,0,0,0,0,0,0,0,0,0,0,0,0,0,0,0,0,0,0,0,0,0,0,0,0,0,0,0,0,0,0,0,0,0,0,0,0,0,0,0,0,0,0,0,0,0,0,0,0,0,0,0,0,0,0,0,0,0,0,0,0,0,0,0,0,0,0,0,0,0,0,0,0,0,0,0,0,0,0,0,0,0,0,0,0,0,0,0,0,0,0,0,0,0,0,0,0,0,0,0,0,0,0,0,0,0,0,0,0,0,0,0,0,0,0,0,0,0,0,0,0,0,0,0,0,0,0,0,0,0,0,0,0,0,0,0,0,0,0,0,0,0,0,0,0,0,0,0,0,0,0,0,0,0,0,0,0,0,0,0,0,0,0,0,0,0,0,0,0,0,0,0
1,62,0,0,0,0,0,0,0,0,0,0,0,0,0,0,0,0,0,0,0,0,0,0,0,0,0,0,0,0,0,0,0,0,0,0,0,0,0,0,0,0,0,0,0,0,0,0,0,0,0,0,0,0,0,0,0,0,0,0,0,0,0,0,0,0,0,0,0,0,0,0,0,0,0,0,0,0,0,0,0,0,0,0,0,0,0,0,0,0,0,0,0,0,0,0,0,0,0,0,0,0,0,0,0,0,0,0,0,0,0,0,0,0,0,0,0,0,0,0,0,0,0,0,0,0,0,0,0,0,0,0,0,0,0,0,0,0,0,0,0,0,0,0,0,0,0,0,0,0,0,0,0,0,0,0,0,0,0,0,0,0,0,0,0,0,0,0,0,0,0,0,0,0,0,0,0,0,0,0,0,0,0,0,0,0,0,0,0,0,0,0,0,0,0,0,0,0,0,0,0,0,0,0,0,0,0,0,0,0,0,0,0,0,0,0,0,0,0,0,0,0,0,0,0,0,0,0,0,0,0,0,0,0,0,0,0,0,0,0,0,0,0,0,0,0,0,0,0,0,0,0,0,0,0,0,0,0,0,0,0,0,0,0,0,0,0,0,0,0,0,0,0,0,0,0,0,0,0,0,0,0,0,0,0,0,0,0
1,65,0,0,0,0,0,0,0,0,0,0,0,0,0,0,0,0,0,0,0,6,0,0,0,0,0,0,0,0,0,0,0,0,0,0,0,0,0,0,0,0,0,0,0,14,0,0,0,1,0,0,0,0,0,0,1,0,0,0,0,0,0,0,0,0,0,0,0,0,0,0,0,0,52,0,0,0,0,0,0,0,0,0,0,0,0,2,0,0,1,0,0,24,0,0,28,12,4,0,1,1,0,0,0,0,0,1,0,0,0,0,0,0,0,0,14,0,218,0,2,5,5,0,4,0,0,0,0,0,0,13,3,17,8,0,0,0,0,5,0,0,6,3,128,0,0,4,3,0,0,36,17,0,0,0,0,2,9,0,4,2,0,0,0,85,0,0,0,0,0,5,0,0,0,5,0,8,0,2,0,8,0,4,17,0,0,0,0,0,1,1,0,1,0,0,0,0,0,0,0,0,0,0,0,0,0,0,0,0,0,0,0,0,0,0,0,0,0,0,0,0,0,0,2,0,200,10,0,0,0,0,0,0,0,0,0,0,0,1,0,0,0,0,0,0,0,0,0,0,0,0,0,0,0,0,0,0,0,1,0,0,0,0,1,0,0,2,0,0,0,0,0,1,0,0,0,0,0,0,0,0,0,1,0,1,0,0
1,66,0,0,0,0,0,0,0,0,0,1,0,0,0,0,0,0,0,0,1,0,0,0,0,0,0,0,0,0,0,0,0,0,0,0,0,0,0,0,0,0,0,0,0,17,0,0,0,12,0,0,0,1,0,0,0,0,0,0,0,0,1231,0,0,0,0,26,0,0,1,0,1,1,7,2233,0,1,0,0,0,0,0,0,0,0,0,0,0,0,0,0,0,23,0,0,40,20,6,0,0,0,0,0,1,0,0,0,0,0,0,0,0,0,6,0,39,0,48,0,5,2,1,0,8,0,0,0,1,0,0,0,1,0,0,371,5,0,0,12,0,10,15,19,7,0,0,1,6,0,0,53,11,0,0,0,2,3,7,0,0,0,0,1,0,9,3,0,0,1,0,2,0,0,0,8,0,0,0,0,4,8,6,1,7,0,1,0,0,0,0,0,0,0,0,0,11,0,0,0,0,2,0,0,0,0,0,0,0,0,0,0,0,0,0,2,0,0,0,0,0,0,0,0,4,0,12,7,1,0,0,0,0,0,0,0,2,0,0,0,0,0,2,145,2,0,0,0,0,0,0,0,0,0,0,0,0,0,0,1,0,0,0,0,0,0,0,0,0,0,0,0,0,0,0,0,0,0,0,0,0,0,0,0,0,0,0,2
1,94,0,12,0,0,3362,0,0,0,0,1306,12,543,2,2,0,1,0,0,0,33,13,53,2,0,23,277,0,10,0,0,0,0,0,0,0,0,0,0,0,0,0,48,54,512,3,1830,0,0,113,0,0,2,0,3,0,0,0,45,4,3,87,38,0,0,0,168,17,62,0,362,2,3,1146,62,0,0,0,8,26,0,0,3,0,0,0,0,0,0,0,0,76,721,2,26,5792,3640,98,136,106,0,3,5,0,0,0,9,0,0,0,1,0,1,22,50,5253,0,13763,8,5340,21,990,0,611,302,46,1392,13,0,6,781,441,644,0,455,4154,0,0,963,270,65,5282,1291,3775,10,1166,6157,212,20,21,1470,305,88,22,57,5195,2101,7893,1,2099,55,0,370,104,4148,447,1,0,2377,56,1163,12,0,3662,887,262,25,0,98,302,467,402,609,2002,0,2396,54,2,0,1,4,68,4,5,0,318,28,10,1261,8,1611,2,53,1,0,3,188,1,67,31,18,1256,0,80,5,2021,2,27,0,1,0,0,0,3298,0,3172,448,0,1,0,0,60,0,0,43,0,0,2,75,5,0,0,807,0,0,0,0,0,25,0,0,0,1,1717,0,0,0,0,1,0,9,0,0,0,0,0,0,26,12,6,0,0,346,275,0,0,255,0,0,327,0,0,0,0,257,19,6
1,123,67,60,65,0,0,0,62,0,0,0,0,0,0,1,222,0,0,0,0,0,0,0,0,0,0,10,1,0,6,0,0,0,0,0,4602,0,0,5247,0,6,0,0,0,25,0,2201,0,1,0,0,0,0,0,0,0,0,3,2,0,0,1,0,0,0,0,4,0,0,0,0,2,0,332,1,0,0,0,0,0,0,0,0,2,0,0,0,0,0,0,0,0,44,0,0,615,136,7,7,1,1,0,0,0,0,0,2518,0,0,0,0,0,0,8,0,1277,0,2389,0,2619,0,2,0,41,10,0,3909,0,0,0,14,2,0,0,6,1183,0,0,48,0,0,861,25,16,0,41,4,6,0,0,60,2463,0,0,0,2538,8,6,0,0,0,0,214,0,27,27,0,0,2154,0,64,0,0,2820,46,0,0,0,2,13,15,28,5,109,11,2232,0,1,0,0,49,0,3,0,0,2,0,0,0,0,273,0,270,10,0,64,0,0,64,0,0,0,0,14,0,369,0,39,0,0,13,0,0,958,0,35,15,0,0,0,0,0,0,0,2,2,0,0,0,0,2916,0,10,0,0,0,0,0,0,0,0,0,0,0,0,0,0,249,1,0,0,0,0,0,0,0,0,0,0,0,0,249,125,0,1,1,0,0,0,0,0,0,2,127,1,0,2
1,138,0,0,0,0,0,0,0,0,0,857,1,465,0,1,255,0,0,0,0,0,0,6,0,0,24,9,1,1,4,0,0,0,0,0,0,0,0,0,0,7,0,0,1,207,0,0,0,0,1,0,0,0,0,0,0,0,1,2,0,0,0,0,0,0,0,0,0,0,0,1,0,0,39,0,0,0,0,0,0,0,0,0,0,0,0,0,0,0,0,0,5,52,0,0,332,249,9,12,1,0,0,0,0,0,0,0,0,0,0,0,0,0,0,0,275,0,243,0,386,0,4,0,19,11,6,13,0,0,0,13,244,1,0,0,18,0,0,303,11,3,171,26,114,0,0,15,8,0,0,140,11,0,0,0,11,1,307,0,161,0,0,5,7,41,0,0,0,1,0,7,4,0,916,5,0,0,0,5,0,21,311,3,69,0,1,0,0,0,0,0,0,0,0,0,0,0,1,62,0,55,0,0,0,0,0,0,0,0,0,0,53,0,0,0,97,0,0,0,0,0,0,0,6,0,12,19,0,0,0,0,0,0,0,2,0,0,0,1,3,0,0,0,0,0,0,0,0,0,0,0,0,1,0,0,0,0,256,1,0,1,0,0,0,0,0,0,0,0,9,0,254,1,0,1,1,0,0,0,0,0,0,2,0,0,0,0
1,78,0,1,514,0,0,0,0,0,0,0,0,0,0,0,0,0,0,0,0,0,0,0,0,0,0,3,0,0,0,3,1104,0,1102,394,786,2,1,784,805,393,0,0,1,19,0,451,0,0,0,0,0,0,0,0,0,0,0,1,0,0,0,0,0,1,1,0,0,0,0,12,0,0,310,0,0,0,0,0,0,2605,0,489,2,0,0,0,0,0,0,0,2,48,0,0,129,59,4,23,0,0,0,0,0,0,0,41,0,0,0,0,0,0,0,0,4993,0,873,0,821,0,2,0,14,3,0,118,0,0,0,10,3,0,0,0,695,56,0,13,0,3,8,9,4,0,6,5,9,0,0,72,13,0,50,0,399,542,10,0,0,13,0,2,0,24,873,0,0,400,0,4,30,3,0,5,0,0,27,0,5,9,0,5,639,0,600,0,276,0,0,0,0,0,0,0,0,0,0,0,0,24,0,0,0,0,0,55,0,3,0,0,34,0,2,0,27,0,0,0,0,0,1,0,4,0,8,10,2,0,0,0,0,0,5,1,0,0,0,0,0,0,0,0,0,0,0,0,0,0,2,0,0,0,0,0,0,0,0,0,1,0,0,0,0,0,0,0,0,0,0,0,0,0,0,0,0,0,0,0,0,0,0,0,0,0,0,0
1,145,63,63,64,0,0,0,63,0,0,838,1,462,0,1,255,0,0,0,0,0,0,3,0,0,25,7,1,1,4,0,0,0,0,0,7275,0,0,9813,0,3,0,0,0,180,0,1990,0,0,0,0,0,0,0,0,0,0,1,2,0,0,0,0,0,0,0,1,0,0,0,0,0,0,358,0,0,0,0,0,0,0,0,0,0,0,0,0,0,0,0,0,0,42,0,0,385,272,6,7,0,0,0,0,0,0,0,953,0,0,0,0,0,0,0,0,969,0,4748,0,5178,0,1,0,58,9,3,72,0,0,0,13,210,1,0,0,894,0,0,284,0,0,814,28,92,0,36,4,6,0,0,79,4906,0,0,0,4031,10,46,0,90,0,0,232,1,53,30,0,0,970,0,68,1,0,5505,61,0,0,0,4,10,16,280,7,122,10,4143,0,2,0,0,48,0,3,0,0,0,0,1,87,0,272,0,281,14,0,71,0,0,71,0,0,0,0,14,0,380,0,39,0,0,15,0,0,6,0,47,17,0,0,0,0,0,0,0,1,0,0,0,0,3,4760,0,0,0,0,0,0,0,0,0,0,0,1,0,0,0,0,256,1,0,1,0,0,0,0,0,0,0,0,9,0,255,256,0,1,1,0,0,0,0,0,0,2,255,0,0,0
1,95,0,0,0,0,177,0,0,0,0,1036,8,449,2,2,0,1,0,0,0,22,0,5,1,0,27,22,0,1,0,0,0,0,0,0,0,0,0,0,0,0,0,4,40,295,3,32,0,0,82,0,0,6,0,0,0,0,0,2,0,0,72,20,4,0,0,84,17,27,0,25,9,12,622,10,1,0,0,8,24,0,0,10,0,0,0,0,0,0,0,0,34,305,1,0,944,276,33,58,85,0,1,0,0,0,0,0,0,0,0,0,0,1,25,18,916,0,5793,6,653,16,591,0,117,31,6,339,16,0,0,82,428,368,277,342,768,0,0,451,238,56,267,461,2930,3,693,875,162,2,18,692,251,63,23,64,337,883,2261,0,1211,52,0,212,31,1803,27,2,0,140,53,656,10,0,779,46,10,13,0,8,43,81,291,180,849,0,111,51,0,0,1,3,69,3,0,0,309,31,1,0,5,975,1,45,0,0,0,133,3,48,38,5,786,0,49,2,1494,2,14,0,1,0,0,0,136,0,2545,78,0,1,0,0,60,0,0,1,0,0,1,68,5,0,0,484,0,0,0,0,0,1,0,0,0,0,0,0,0,0,0,0,0,1,0,0,0,0,0,0,0,4,8,0,0,0,0,0,0,0,0,0,0,0,0,0,0,0,0,12
1,117,0,0,0,0,1,0,0,0,0,0,0,0,0,0,0,0,0,0,0,0,0,0,0,0,0,0,0,0,0,0,0,0,0,0,0,0,0,0,0,0,0,0,0,1,0,0,0,0,0,0,0,0,0,0,0,0,0,3,0,0,0,0,0,0,0,0,0,0,0,0,0,0,1,0,0,0,0,0,0,0,0,0,0,0,0,0,0,0,0,0,0,13,0,0,12,1,5,0,0,0,0,0,0,0,0,0,0,0,0,0,0,0,0,0,4,0,71,0,0,0,0,0,0,0,0,0,0,0,0,0,0,0,0,0,0,0,0,0,0,0,0,2,1,0,0,0,0,0,0,2,0,0,0,0,0,0,0,0,0,0,0,0,0,3,0,0,0,0,0,0,0,0,0,0,0,0,0,2,0,5,0,0,3,0,0,0,0,0,0,0,0,0,0,0,0,0,0,0,0,0,0,0,0,0,0,0,0,0,0,0,0,0,0,0,0,0,0,0,0,0,1,0,0,0,2,5,0,0,0,0,0,0,1,1,0,0,0,0,0,0,0,0,0,0,0,0,0,0,0,0,0,0,0,0,0,0,0,0,0,0,0,0,0,0,0,0,0,0,0,0,0,0,0,0,0,0,0,0,0,0,0,0,0,0,0,0
1,90,0,8,0,0,3602,0,0,0,2,1695,23,581,2,2,0,0,0,0,0,48,16,53,6,0,37,270,0,9,0,0,0,0,0,0,0,0,0,0,0,0,0,44,77,599,5,1894,3,0,103,0,0,9,0,3,0,1,0,48,4,3,835,37,0,0,0,90,21,44,0,375,7,9,1674,100,1,0,0,11,21,0,0,4,0,0,0,0,1,0,0,0,87,1078,258,26,6071,3999,119,148,98,0,3,5,0,0,0,10,0,0,0,1,0,0,27,52,5780,0,14222,10,5585,44,828,0,664,306,52,1436,13,0,6,891,526,954,167,265,4125,0,0,1048,287,63,5331,1225,5087,13,1039,6110,262,22,32,1842,482,132,32,59,5347,1819,8321,1,3384,82,0,233,109,3417,494,3,0,2597,193,1154,17,0,4151,1043,249,34,0,103,307,598,435,632,2391,0,2424,60,4,0,0,6,60,6,5,0,1929,31,9,931,37,1923,4,67,0,0,13,388,26,71,21,17,1916,0,99,6,2295,4,39,0,3,0,0,0,3438,0,4458,583,1,2,0,0,43,0,0,44,0,0,4,78,7,2,0,549,0,0,0,0,0,29,0,0,0,1,1717,0,0,0,0,2,0,9,0,0,0,0,0,0,27,36,8,0,0,445,441,0,0,455,0,0,440,0,0,1,0,451,20,11
1,170,0,0,0,0,0,0,0,0,0,0,0,0,0,0,0,0,0,0,0,0,0,0,0,0,0,0,0,0,0,0,0,0,0,0,0,0,0,0,0,0,0,0,0,2,0,0,0,0,0,0,0,0,0,0,0,0,0,0,0,0,0,0,0,0,0,0,0,0,0,2,0,0,0,0,0,0,0,0,0,0,0,0,0,0,0,0,0,0,0,0,0,3,0,0,16,5,0,5,0,0,0,0,0,0,0,0,0,0,0,0,0,0,0,0,3,0,67,0,1,0,0,0,0,0,0,0,0,0,0,0,0,0,0,0,0,0,0,0,0,0,0,2,0,0,0,0,0,0,0,6,0,0,0,0,0,0,0,0,0,0,0,0,2,2,0,0,0,0,0,0,0,0,0,1,0,0,0,2,0,5,0,0,4,0,293,0,0,0,0,0,0,0,0,0,0,0,0,0,0,4,0,0,0,0,0,0,0,0,0,0,0,0,0,0,0,0,0,0,0,0,1,0,0,0,0,5,0,0,0,0,0,0,0,0,0,0,0,0,0,1,0,0,0,0,0,0,0,0,0,0,0,0,0,0,0,0,0,0,0,0,0,0,0,0,0,0,0,0,0,0,0,0,0,0,0,0,0,0,0,0,0,0,0,0,0,0
1,121,55,47,54,0,0,0,46,0,0,857,1,465,0,1,250,0,0,0,0,0,0,6,0,0,26,11,1,1,3,0,0,0,0,0,3525,0,0,4187,0,4,0,0,2,212,0,983,0,1,1,0,0,0,0,0,0,0,2,2,0,0,1,0,0,0,0,4,0,0,0,1,0,0,294,0,0,0,0,0,0,0,0,0,1,0,0,0,0,0,0,0,5,79,0,0,614,272,10,10,2,1,0,0,0,0,0,388,0,0,0,0,0,0,0,0,937,0,2674,0,2348,0,4,0,36,13,6,445,0,0,0,14,245,1,0,0,771,0,0,321,12,2,579,31,117,0,35,16,8,0,0,140,1849,0,0,0,1757,8,305,0,161,0,0,173,7,44,15,0,0,411,0,52,4,0,2917,28,0,0,0,6,11,24,329,8,129,2,1824,0,2,0,0,34,0,1,0,0,0,0,1,106,0,266,0,204,9,0,47,0,0,48,0,3,53,0,12,0,385,0,31,0,0,11,0,0,6,0,22,23,0,0,0,0,0,0,0,3,1,0,0,2,3,2583,0,0,0,0,0,0,0,0,0,0,0,1,0,0,0,0,229,1,0,1,0,0,0,0,0,0,0,0,7,0,230,256,0,1,1,0,0,0,0,0,0,2,255,0,0,1
1,68,2,0,0,0,25,0,0,1,5,1291,18,468,0,0,0,0,2,0,22,47,20,6,3,0,40,36,4,3,42,11,61,1,61,30,291,2,1,310,61,31,2,2808,96,461,0,2441,0,48,82,0,0,18,0,0,0,0,0,11,0,4,24,31,0,7,8,5026,19,67,3,96,39,225,7616,971,12,1,0,36,37,0,3,18,6,0,0,0,0,0,0,0,73,546,0,0,1988,750,104,272,110,30,1,0,0,3,136,1184,0,4469,0,0,1,1,31,24,10940,0,18180,11,5883,87,609,0,1163,59,30,973,2,0,1,5155,526,570,168,5614,5176,2,0,5433,65,58,1639,929,6193,15,612,1929,150,7,36,1614,3453,341,115,8,2273,1273,8265,0,3284,333,0,465,63,6383,196,1,0,1210,88,929,41,0,2508,166,0,85,1,44,84,236,5269,121,5974,0,2235,87,9,0,0,5,0,5,0,1,918,30,3,341,70,4502,1,74,0,0,11,472,7,282,25,2,5864,2,66,7,4966,1,49,0,4,0,2,0,149,1,5734,236,12,2,2,0,15,0,10,6,11,0,3,66,3,1,6,705,2,6,304,0,7,4,14,0,0,0,0,0,0,0,0,6,1,0,0,0,0,0,0,0,12,43,0,5,7,20,17,0,0,27,2,21,2373,12,0,13,3,20,29,13
1,56,0,0,0,0,0,0,0,0,0,0,0,0,0,0,0,0,0,0,0,6,0,0,0,0,0,0,0,0,0,0,0,0,0,0,0,0,0,0,0,0,0,0,0,14,0,0,0,1,0,0,0,0,0,0,1,0,0,0,0,0,0,0,0,0,0,0,0,0,0,0,0,0,50,0,0,0,0,0,0,0,0,0,0,0,0,2,0,0,1,0,0,29,0,0,28,12,4,0,1,1,0,0,0,0,0,1,0,0,0,0,0,0,0,0,17,0,222,0,2,5,5,0,4,0,0,0,0,0,0,12,3,17,8,0,0,0,0,5,0,0,6,3,128,0,0,4,3,1,0,38,17,0,0,0,0,2,8,0,4,2,0,0,0,85,0,0,0,0,0,5,0,0,0,5,0,8,0,2,0,10,0,4,17,0,0,0,0,0,1,0,0,1,0,0,0,0,0,0,0,0,0,0,0,0,0,0,0,0,0,0,0,0,0,0,0,0,0,0,0,0,0,0,3,0,200,10,0,0,0,0,0,0,0,0,0,0,0,1,0,0,0,0,0,0,0,0,0,0,0,0,0,0,0,0,0,0,0,1,0,0,0,0,1,0,0,2,0,0,0,0,0,1,0,0,0,0,0,0,0,0,0,1,0,1,0,0
1,59,0,0,0,0,0,0,0,0,2,0,0,0,0,0,0,0,0,0,0,0,1,0,0,0,0,0,0,0,0,0,0,0,0,0,0,0,0,0,0,0,0,0,0,4,0,0,0,1,0,0,0,0,0,0,0,0,0,0,0,0,0,0,0,0,0,0,0,0,0,0,0,0,1,0,0,0,0,0,0,0,0,0,0,0,0,0,0,0,0,0,1,9,0,0,15,2,1,0,1,1,0,0,0,0,0,0,0,0,0,0,0,0,0,0,8,0,107,0,1,0,1,0,3,0,0,0,0,0,0,0,0,0,0,0,0,0,0,7,0,0,8,10,1,0,0,2,4,0,0,35,1,0,0,0,0,0,3,0,0,0,0,2,0,10,1,0,0,0,0,2,0,0,0,3,0,0,0,2,0,5,5,3,4,0,0,0,0,0,0,0,0,0,0,0,0,0,0,0,0,0,0,0,0,0,0,0,0,0,0,0,0,0,0,0,0,0,0,0,0,0,0,0,1,0,0,5,0,0,0,0,0,0,0,0,0,0,0,1,0,0,0,0,0,0,0,0,0,0,0,0,0,0,0,0,0,0,0,0,0,0,0,0,0,0,0,0,0,0,0,0,0,0,0,0,0,0,0,0,0,0,0,0,0,0,0,1
1,177,0,0,0,0,0,0,0,0,0,0,0,0,0,0,0,0,0,0,0,0,0,0,0,0,20,0,0,0,0,0,0,0,0,0,0,0,0,0,0,0,0,0,0,4,0,696,0,0,0,0,0,0,0,0,0,0,0,1,0,0,0,0,0,0,0,0,0,0,0,2,0,0,0,0,0,0,0,0,0,0,0,0,0,0,0,0,0,0,0,0,0,1,0,0,28,9,0,10,0,0,0,0,0,0,0,11,0,0,0,0,0,0,0,0,112,0,473,0,486,0,0,0,0,20,0,0,0,0,0,0,42,0,0,0,100,15,0,0,0,0,99,2,0,0,0,0,0,0,0,5,0,0,2,0,515,0,0,0,0,0,0,1,2,0,1013,0,0,115,0,0,15,0,895,1,0,0,15,0,0,33,0,0,982,0,285,0,1,0,0,0,0,0,0,0,0,0,0,0,0,0,0,0,0,0,0,0,0,0,0,0,0,0,0,0,0,0,0,0,0,0,1,0,0,0,0,37,0,0,0,0,0,0,0,0,0,0,0,0,0,3,0,0,0,0,0,0,0,0,0,0,0,0,0,0,0,0,0,1,0,0,0,0,0,0,0,0,0,0,0,0,0,0,0,0,0,0,0,0,0,0,0,0,0,0,0,0
1,119,54,54,53,0,0,0,54,0,0,857,1,465,0,1,255,0,0,0,0,0,0,6,0,0,27,6,1,1,3,0,0,0,0,0,6725,0,0,9153,0,8,0,0,2,213,0,1906,0,0,1,0,0,0,0,0,0,0,2,3,0,0,0,0,0,0,0,1,0,0,0,1,0,0,330,0,0,0,0,0,0,0,0,0,1,0,0,0,0,0,0,0,5,143,0,0,422,278,10,10,1,0,0,0,0,0,0,649,0,0,0,0,0,0,0,0,921,0,4447,0,4871,0,4,0,55,9,6,78,0,0,0,13,243,1,0,0,787,0,0,337,12,2,747,45,130,0,30,17,9,0,0,142,4602,0,0,0,2864,6,310,0,161,0,0,205,7,60,18,0,0,671,0,65,4,0,4261,54,0,0,0,6,10,24,348,8,134,4,3200,0,2,0,0,44,0,3,0,0,0,0,1,59,0,290,0,233,11,0,56,0,0,56,0,0,53,0,11,0,407,0,40,0,0,12,0,0,6,0,44,22,0,0,0,0,0,0,0,3,0,0,0,1,3,4264,0,0,0,0,0,0,0,0,0,0,0,1,0,0,0,0,256,1,0,1,0,0,0,0,0,0,0,0,9,0,255,256,0,1,1,0,0,0,0,0,0,2,255,0,0,0
1,80,0,261,1928,3113,0,0,0,0,0,389,13,34,0,3,0,18,0,0,2,0,0,4,24,0,4811,5555,0,8,24,8,2497,0,3010,5498,7791,3983,5313,0,3268,3,0,3,51,258,0,5194,3,252,1,3,0,0,6,0,0,0,6,77,0,1,27,8,0,0,0,16,0,1,0,12,138,0,323,66,0,0,0,0,15,0,0,0,3,0,0,3,0,0,0,0,35,367,0,0,1324,244,99,23,1,3,3,0,0,0,0,3732,0,0,0,0,0,0,8,4,6089,0,8211,6,4622,35,18,0,120,5623,37,57,0,0,0,1446,204,350,0,0,5219,0,0,233,37,10,4573,308,2837,0,27,189,186,3,0,1750,14993,35,1,0,3169,3968,2086,0,2869,24,0,14,21,1344,130,0,0,2400,0,30,14,0,6649,195,0,0,0,66,4069,5393,154,62,4872,0,3592,0,0,0,0,41,0,36,0,0,28,2,8,895,0,213,0,0,0,0,0,74,0,0,1,3,208,0,0,3,452,0,0,0,0,0,0,0,3681,0,1670,5439,0,0,0,0,0,0,0,8,0,0,14,7,1,0,0,81,0,0,0,0,0,12,0,0,0,1,10,0,0,0,0,8,0,3,6,0,0,0,0,0,82,0,0,0,6,6,0,0,0,0,0,0,0,0,6,7,0,6,3,9
1,85,0,0,0,0,0,0,0,0,0,46,3,0,0,2,0,2,0,0,1,0,0,0,4,0,0,160,0,3,0,3,0,0,0,63,104,49,47,0,0,1,0,0,14,44,0,93,0,0,0,0,0,0,0,0,0,0,2,11,0,0,0,0,0,0,0,4,0,0,0,2,0,0,77,11,0,0,0,0,7,0,0,0,0,0,0,0,0,0,0,0,20,38,0,0,118,42,9,10,0,0,1,0,0,0,0,89,0,0,0,0,0,0,2,1,404,0,1036,0,382,8,1,0,16,166,9,7,0,0,0,57,60,90,0,0,166,0,0,74,0,1,112,33,919,0,6,35,16,0,0,66,25,8,0,0,119,124,444,0,982,4,0,1,9,446,17,0,0,101,0,1,3,0,239,43,0,0,0,5,117,155,67,8,116,0,287,0,0,0,0,7,0,4,0,0,0,0,3,310,0,0,0,0,0,0,0,0,0,0,0,0,0,0,0,0,0,0,0,0,0,0,0,0,23,0,582,154,0,0,0,0,0,0,0,2,0,0,3,0,0,0,0,0,0,0,0,0,0,3,0,0,0,0,0,0,0,0,0,0,0,0,0,0,0,0,0,0,9,0,0,0,0,0,0,0,0,0,0,0,0,0,0,0,0,0,0,0
1,102,0,0,0,0,56,0,0,0,0,951,6,418,0,1,0,0,0,0,0,30,0,2,0,0,20,7,1,1,0,0,0,0,0,0,0,0,0,0,0,0,0,5,21,163,1,9,0,0,91,0,0,5,0,0,0,0,0,1,0,0,15,32,2,0,0,46,10,7,0,4,3,2,870,4,1,0,0,2,42,0,0,4,1,0,0,0,0,0,0,0,22,170,0,0,380,185,7,54,90,0,0,0,0,1,0,0,0,0,0,0,0,1,18,8,519,0,6287,12,641,6,1235,0,135,16,2,964,13,0,0,66,411,138,7,122,308,0,0,442,114,32,253,308,1814,3,1365,1448,120,1,13,248,177,116,31,59,400,1258,2260,0,1110,22,0,101,7,3266,26,1,0,61,20,1225,11,0,511,33,5,1,0,1,29,34,285,174,1420,0,42,20,0,0,0,2,0,2,0,0,239,31,0,0,11,1255,1,46,0,0,0,255,3,26,29,1,1180,0,66,2,1732,1,17,0,1,0,0,0,45,0,1419,34,0,1,0,0,12,0,0,1,0,0,0,68,1,0,0,64,0,0,0,0,0,0,0,0,0,0,0,0,0,0,0,0,0,0,0,0,0,0,0,0,0,12,0,0,0,0,0,0,0,0,0,0,0,0,0,0,0,0,0,3
1,49,0,0,0,0,0,0,0,0,0,0,0,0,0,0,0,0,0,0,0,6,0,0,0,0,0,0,0,0,0,0,0,0,0,0,0,0,0,0,0,0,0,0,0,14,0,0,0,1,0,0,0,0,0,0,1,0,0,0,0,0,0,0,0,0,0,0,0,0,0,0,0,0,52,0,0,0,0,0,0,0,0,0,0,0,0,2,0,1,1,0,0,29,0,0,28,12,4,0,1,1,0,0,0,0,0,1,0,0,0,0,0,0,0,0,10,0,222,0,2,5,5,0,4,0,0,0,0,0,0,10,3,17,8,0,0,0,0,5,0,0,6,3,128,0,0,4,3,1,0,38,17,0,0,0,0,2,8,0,4,2,0,0,0,85,0,0,0,0,0,5,0,0,0,5,0,8,0,2,0,9,0,4,17,0,0,0,0,0,1,0,0,1,0,0,0,0,0,0,0,0,0,0,0,0,0,0,0,0,0,0,0,0,0,0,0,0,0,0,0,0,0,0,3,0,200,10,0,0,0,0,0,0,0,0,0,0,0,1,0,0,0,0,0,0,0,0,0,0,0,0,0,0,0,0,0,0,0,1,0,0,0,0,1,0,0,2,0,0,0,0,0,1,0,0,0,0,0,0,0,0,0,1,0,1,0,0
1,153,0,0,0,0,42,0,0,0,0,95,5,0,0,0,0,0,0,0,0,1,0,2,1,0,4,22,0,1,0,0,0,0,0,0,0,0,0,0,0,0,0,3,4,42,0,590,0,0,57,0,0,2,0,0,0,0,0,3,0,0,51,3,0,0,0,45,10,10,0,4,4,1,153,4,0,0,0,1,6,0,0,0,0,0,0,0,0,0,0,0,22,217,0,0,310,47,13,13,57,0,0,0,0,0,0,21,0,0,0,0,0,0,17,8,295,0,2753,2,166,5,56,0,48,26,4,0,14,0,0,82,104,118,0,185,126,0,0,152,106,36,50,282,1493,5,176,235,31,2,13,240,41,14,4,58,555,830,855,0,675,19,0,173,10,3284,60,1,0,209,20,99,3,0,532,10,0,1,0,5,26,42,7,138,199,0,513,20,164,0,0,3,0,2,0,0,115,20,1,116,2,328,0,29,0,0,0,14,3,2,5,0,130,0,2,0,366,0,6,0,1,0,1,0,9,0,1085,50,0,1,0,0,14,1,21,3,0,0,0,49,3,0,0,283,0,0,0,0,0,1,0,0,0,0,0,0,0,0,0,0,0,0,0,0,0,0,0,0,2,2,0,0,0,0,0,0,0,0,0,0,0,0,0,0,0,0,1,2
1,106,0,0,0,0,0,0,0,0,0,640,1,422,2,1,0,0,0,0,0,0,0,5,0,0,12,3,0,0,0,0,0,0,0,0,0,0,0,0,0,0,0,0,3,184,0,0,0,0,1,0,0,0,0,0,0,0,0,1,0,0,0,0,0,0,0,1,0,0,0,4,0,0,41,0,0,0,0,0,0,0,0,0,0,0,0,0,0,0,0,0,8,52,0,0,102,142,11,4,1,0,0,0,0,0,0,0,0,0,0,0,0,0,0,0,535,0,386,0,292,1,5,0,5,5,5,3,0,0,0,0,189,0,0,0,164,0,0,224,21,6,156,33,102,0,1,29,10,0,0,127,6,0,0,0,0,3,455,0,77,1,0,8,8,123,0,0,0,0,0,9,1,0,387,6,0,0,0,8,2,25,251,5,54,0,0,0,0,0,0,0,0,0,0,0,4,1,0,0,0,56,0,0,0,0,0,0,0,0,0,0,53,0,0,0,97,0,1,0,0,0,0,0,2,0,34,24,0,0,0,0,0,0,0,1,0,0,0,1,3,0,0,0,0,0,0,0,0,0,0,0,0,0,0,0,0,0,0,0,0,0,0,0,0,0,0,0,0,0,5,0,0,0,0,0,0,0,0,0,0,0,0,0,0,0,0,2
1,176,0,0,0,0,0,0,0,0,0,0,0,0,0,0,0,0,0,0,0,0,0,0,0,0,20,0,0,0,0,0,0,0,0,0,0,0,0,0,0,0,0,0,0,4,0,465,0,0,0,0,0,0,0,0,0,0,0,2,0,0,0,0,0,0,0,0,0,0,0,3,0,0,2,0,0,0,0,0,0,0,0,0,0,0,0,0,0,0,0,0,0,0,0,0,22,9,0,8,0,0,0,0,0,0,0,0,0,0,0,0,0,0,0,0,122,0,105,0,462,0,0,0,1,19,0,0,0,0,0,0,30,0,0,0,27,10,0,1,0,0,8,2,0,0,0,2,0,0,0,5,0,0,0,0,2,0,2,0,0,0,0,0,2,0,34,0,0,0,0,0,10,0,1,1,0,0,10,0,0,23,3,0,358,0,54,0,1,0,0,0,0,0,0,0,0,0,0,0,0,26,0,0,0,0,0,0,0,0,2,29,2,0,0,101,2,0,0,0,0,0,1,0,0,0,0,25,0,0,0,0,0,0,0,0,0,0,0,0,0,3,0,0,0,0,0,0,0,0,0,0,0,0,0,0,0,0,0,0,0,0,0,0,0,0,0,0,0,0,0,0,0,0,0,0,0,0,0,0,0,0,0,0,0,0,0,0
1,175,0,0,0,0,0,0,0,0,0,0,0,0,0,0,0,0,0,0,0,0,0,0,0,0,16,0,0,0,0,0,0,0,0,0,0,0,0,0,0,0,0,0,0,4,0,645,0,0,0,0,0,0,0,0,0,0,0,1,0,0,0,0,0,0,0,0,0,0,0,2,0,0,1,0,0,0,0,0,0,0,0,0,0,0,0,0,0,0,0,0,0,1,0,0,30,9,0,13,0,0,0,0,0,0,0,13,0,0,0,0,0,0,0,0,179,0,1084,0,621,0,0,0,5,14,0,0,0,0,0,0,64,0,0,0,264,50,0,5,0,0,223,20,0,0,0,0,0,0,0,18,0,0,2,0,526,0,4,0,0,0,0,0,2,3,1032,0,0,163,0,0,52,0,905,1,0,0,47,0,0,22,8,0,970,0,353,0,1,0,0,0,0,0,0,0,0,0,0,0,0,0,0,0,0,0,0,0,0,0,0,0,0,0,0,0,0,0,0,0,0,0,1,0,0,0,0,23,0,0,0,0,0,0,0,0,0,0,0,0,0,3,0,0,0,0,0,0,0,0,0,0,0,0,0,0,0,0,0,1,0,0,0,0,0,0,0,0,0,0,0,0,0,0,0,0,0,0,0,0,0,0,0,0,0,0,0,0
1,93,0,0,0,0,0,0,0,0,0,0,0,0,0,0,0,0,0,0,0,0,0,0,0,0,0,0,0,0,0,0,0,0,0,0,0,0,0,0,0,0,0,0,0,0,0,0,0,0,0,0,0,0,0,0,0,0,0,0,0,0,0,0,0,0,0,0,0,0,0,0,0,0,0,0,0,0,0,0,0,0,0,0,0,0,0,0,0,0,0,0,0,0,0,0,0,0,0,0,0,0,0,0,0,0,0,0,0,0,0,0,0,0,0,0,0,0,0,0,0,0,0,0,0,0,0,0,0,0,0,0,0,0,0,0,0,0,0,0,0,0,0,0,0,0,0,0,0,0,0,0,0,0,0,0,0,0,0,0,0,0,0,0,0,0,0,0,0,0,0,0,0,0,0,0,0,0,0,0,0,0,0,0,0,0,0,0,0,0,0,0,0,0,0,0,0,0,0,0,0,0,0,0,0,0,0,0,0,0,0,0,0,0,0,0,0,0,0,0,0,0,0,0,0,0,0,0,0,0,0,0,0,0,0,0,0,0,0,0,0,0,0,0,0,0,0,0,0,0,0,0,0,0,0,0,0,0,0,0,0,0,0,0,0,0,0,0,0,0,0,0,0,0,0,0,0,0,0,0,0,0,0,0,0,0,0,0
